"Timestamp"," Do you use any digital services(e.g., online banking, e-commerce)?","Gender","Age","Educational Qualification","Occupation","Monthly Income","Residence","How frequently do you use digital services?","How many years have you been using digital services?","Which of the following is the strongest password?","You receive an email asking you to click a link and urgently confirm your bank account details. What is the safest action?","Which of the following is a common indicator of a phishing message?","What is the primary purpose of two-factor authentication (2FA)?","Which website address generally indicates that the connection is encrypted?","What is the most appropriate action when a legitimate security update is available for your device or application?","If a message requests your bank PIN, password, or OTP, what should you do?","What is the safest approach when using an unsecured public Wi-Fi network?","What should you do if you suspect that your online account has been compromised?","Which statement about software security updates is correct?","Digital service providers adequately protect my personal information.","I believe my financial information is securely stored.","Privacy policies of digital platforms are clear and understandable.","I have control over how my personal information is used.","Digital platforms collect only the information necessary for providing services.","I am confident that my personal data will not be shared without my consent.","I feel safe when sharing personal information through digital services.","Digital services are available whenever I need them.","Digital platforms perform transactions accurately.","I rarely experience technical failures while using digital services.","Digital services recover quickly after technical problems.","Digital platforms provide consistent service quality.","I believe digital systems are dependable.","Digital services maintain secure and uninterrupted operations.","I trust digital service providers to handle my personal information responsibly.","I feel confident when using digital services for financial transactions.","I believe digital service providers take adequate measures to protect users from cybersecurity threats.","I am concerned that digital service providers may not adequately protect my personal information.","I believe digital service providers are reliable in delivering online services.","I would hesitate to use a digital service if I were uncertain about its security. ","I believe digital service providers act in the best interests of their users.","I consider digital services generally trustworthy.","I am willing to continue using digital services that provide adequate security and privacy protection.","I would recommend a digital service that I consider secure and reliable to others."
"2026/08/19 9:44:15 PM GMT+1","Yes","Male","21–30","Postgraduate","Student","£1001 - £1500","Urban","Daily","More than 6 years","T7#mQ9!vL2@p","Avoid the link and contact the bank through its official channel","An urgent request for personal or financial information","To provide an additional layer of identity verification","https://example.com","Ignore it permanently","Do not provide the information and verify through an official channel","Avoid sensitive transactions on the unsecured network","Change the password and follow the provider's security procedures","They can help fix security vulnerabilities","Neutral","Strongly agree","Strongly agree","Neutral","Strongly agree","Neutral","Strongly disagree","Strongly Agree","Strongly Agree","Strongly Agree","Strongly Agree","Strongly Agree","Strongly Agree","Strongly Agree","Neutral","Agree","Strongly Agree","Strongly Agree","Strongly Agree","Strongly Agree","Strongly Agree","Neutral","Strongly Agree","Strongly Agree"
"2026/08/19 9:52:43 PM GMT+1","Yes","Female","21–30","Undergraduate","Student","Below £1000","Urban","Daily","More than 6 years","T7#mQ9!vL2@p","Avoid the link and contact the bank through its official channel","An urgent request for personal or financial information","To prevent all types of cyberattacks","https://example.com","Install the security update when appropriate","Do not provide the information and verify through an official channel","Avoid sensitive transactions on the unsecured network","Change the password and follow the provider's security procedures","They can help fix security vulnerabilities","Strongly agree","Strongly agree","Strongly disagree","Strongly Disagree","Strongly agree","Strongly disagree","Neutral","Strongly Agree","Agree","Strongly Agree","Strongly Agree","Strongly Agree","Neutral","Strongly Agree","Neutral","Neutral","Agree","Agree","Strongly Agree","Strongly Agree","Strongly Agree","Neutral","Strongly Agree","Strongly Agree"
"2026/08/19 10:05:46 PM GMT+1","Yes","Male","21–30","Postgraduate","Student","£1001 - £1500","Semi-Urban","Weekly","4–6 years","T7#mQ9!vL2@p","Avoid the link and contact the bank through its official channel","An urgent request for personal or financial information","To provide an additional layer of identity verification","An unfamiliar shortened URL","Install the security update when appropriate","Do not provide the information and verify through an official channel","Avoid sensitive transactions on the unsecured network","Change the password and follow the provider's security procedures","They can help fix security vulnerabilities","Agree","Agree","Agree","Neutral","Neutral","Neutral","Disagree","Agree","Agree","Agree","Agree","Agree","Agree","Agree","Agree","Agree","Agree","Agree","Agree","Agree","Agree","Agree","Agree","Agree"
"2026/08/19 10:07:48 PM GMT+1","Yes","Male","21–30","Undergraduate","Student","£1001 - £1500","Semi-Urban","Weekly","1–3 years","T7#mQ9!vL2@p","Avoid the link and contact the bank through its official channel","An urgent request for personal or financial information","To provide an additional layer of identity verification","http://example.com","Install the security update when appropriate","Do not provide the information and verify through an official channel","Avoid sensitive transactions on the unsecured network","Change the password and follow the provider's security procedures","They can help fix security vulnerabilities","Strongly agree","Strongly agree","Agree","Agree","Strongly agree","Agree","Neutral","Strongly Agree","Agree","Strongly Agree","Neutral","Agree","Neutral","Agree","Agree","Agree","Strongly Agree","Neutral","Agree","Neutral","Neutral","Agree","Agree","Agree"
"2026/08/19 11:20:18 PM GMT+1","Yes","Male","21–30","Postgraduate","Student","£1001 - £1500","Urban","Daily","1–3 years","T7#mQ9!vL2@p","Avoid the link and contact the bank through its official channel","A routine service notification","To automatically change passwords","An unfamiliar shortened URL","Disable security notifications","Do not provide the information and verify through an official channel","Avoid sensitive transactions on the unsecured network","Ignore the incident","They can help fix security vulnerabilities","Strongly agree","Strongly agree","Neutral","Neutral","Neutral","Neutral","Strongly disagree","Neutral","Neutral","Agree","Agree","Agree","Neutral","Agree","Neutral","Agree","Agree","Disagree","Agree","Strongly Agree","Strongly Agree","Strongly Agree","Agree","Agree"
"2026/08/19 11:25:20 PM GMT+1","Yes","Male","21–30","Postgraduate","Student","£1001 - £1500","Urban","Daily","More than 6 years","T7#mQ9!vL2@p","Avoid the link and contact the bank through its official channel","A message containing your name","To provide an additional layer of identity verification","An unfamiliar shortened URL","Disable security notifications","Do not provide the information and verify through an official channel","Avoid sensitive transactions on the unsecured network","Change the password and follow the provider's security procedures","They can help fix security vulnerabilities","Agree","Agree","Agree","Agree","Agree","Agree","Disagree","Agree","Agree","Agree","Agree","Agree","Agree","Agree","Agree","Agree","Agree","Agree","Agree","Agree","Agree","Agree","Agree","Agree"
"2026/08/20 12:23:30 AM GMT+1","Yes","Male","21–30","Postgraduate","Student","£1001 - £1500","Urban","Daily","More than 6 years","T7#mQ9!vL2@p","Click the link and verify the account","An urgent request for personal or financial information","To provide an additional layer of identity verification","An unfamiliar shortened URL","Install the security update when appropriate","Provide only the OTP","Disable device security features","Continue using the account normally","They can help fix security vulnerabilities","Neutral","Agree","Agree","Agree","Strongly agree","Strongly agree","Strongly disagree","Strongly Agree","Strongly Agree","Strongly Agree","Strongly Agree","Strongly Agree","Neutral","Neutral","Strongly Agree","Agree","Neutral","Neutral","Neutral","Neutral","Neutral","Neutral","Neutral","Neutral"
"2026/08/20 4:15:33 AM GMT+1","Yes","Male","21–30","Postgraduate","Student","£1001 - £1500","Urban","Daily","More than 6 years","T7#mQ9!vL2@p","Avoid the link and contact the bank through its official channel","An urgent request for personal or financial information","To prevent all types of cyberattacks","An unfamiliar shortened URL","Ignore it permanently","Do not provide the information and verify through an official channel","Disable device security features","Change the password and follow the provider's security procedures","They always reduce device security","Strongly agree","Agree","Agree","Disagree","Strongly agree","Disagree","Strongly disagree","Neutral","Strongly Agree","Strongly Disagree","Neutral","Neutral","Agree","Strongly Disagree","Strongly Agree","Strongly Agree","Strongly Agree","Strongly Agree","Neutral","Disagree","Strongly Agree","Strongly Agree","Disagree","Agree"
"2026/08/20 4:19:42 AM GMT+1","Yes","Male","21–30","Postgraduate","Student","£1001 - £1500","Rural","Daily","4–6 years","T7#mQ9!vL2@p","Avoid the link and contact the bank through its official channel","An urgent request for personal or financial information","To prevent all types of cyberattacks","An unfamiliar shortened URL","Install the security update when appropriate","Do not provide the information and verify through an official channel","Conduct sensitive financial transactions normally","Ignore the incident","They should always be disabled","Strongly agree","Strongly agree","Strongly agree","Strongly agree","Strongly agree","Neutral","Agree","Strongly Disagree","Strongly Disagree","Disagree","Neutral","Neutral","Neutral","Neutral","Agree","Disagree","Strongly Disagree","Strongly Disagree","Strongly Agree","Strongly disagree","Strongly Agree","Strongly Disagree","Neutral","Agree"
"2026/08/20 10:52:05 AM GMT+1","Yes","Female","21–30","Postgraduate","Private Employee","£1501 - £2000","Urban","Monthly","4–6 years","T7#mQ9!vL2@p","Avoid the link and contact the bank through its official channel","An urgent request for personal or financial information","To provide an additional layer of identity verification","https://example.com","Ignore it permanently","Provide the information if the message appears urgent","Conduct sensitive financial transactions normally","Continue using the account normally","They are generally unnecessary","Neutral","Neutral","Disagree","Disagree","Disagree","Disagree","Agree","Strongly Agree","Strongly Agree","Disagree","Agree","Neutral","Neutral","Disagree","Agree","Agree","Neutral","Strongly Agree","Agree","Agree","Agree","Strongly Disagree","Strongly disagree","Strongly Agree"
"2026/08/20 11:35:32 AM GMT+1","Yes","Male","21–30","Undergraduate","Student","Below £1000","Semi-Urban","Weekly","1–3 years","T7#mQ9!vL2@p","Avoid the link and contact the bank through its official channel","A routine service notification","To prevent all types of cyberattacks","example-free-login.com","Ignore it permanently","Provide only the OTP","Avoid sensitive transactions on the unsecured network","Change the password and follow the provider's security procedures","They are generally unnecessary","Agree","Agree","Agree","Neutral","Neutral","Neutral","Disagree","Agree","Agree","Agree","Neutral","Neutral","Agree","Agree","Agree","Agree","Neutral","Neutral","Agree","Neutral","Agree","Disagree","Agree","Disagree"
"2026/08/20 11:36:28 AM GMT+1","No","","","","","","","","","","","","","","","","","","","","","","","","","","","","","","","","","","","","","","","","","",""
"2026/08/20 11:37:22 AM GMT+1","Yes","Male","Below 20","Higher Secondary","Student","Below £1000","Rural","Daily","1–3 years","T7#mQ9!vL2@p","Avoid the link and contact the bank through its official channel","A routine service notification","To automatically change passwords","An unfamiliar shortened URL","Ignore it permanently","Provide the information if the message appears urgent","Disable device security features","Change the password and follow the provider's security procedures","They can help fix security vulnerabilities","Neutral","Neutral","Agree","Agree","Strongly agree","Disagree","Disagree","Agree","Agree","Neutral","Disagree","Agree","Neutral","Agree","Agree","Neutral","Disagree","Disagree","Neutral","Agree","Agree","Neutral","Disagree","Agree"
"2026/08/20 11:37:25 AM GMT+1","Yes","Male","21–30","Others","Business","Below £1000","Urban","Daily","1–3 years","Name@123","Click the link and verify the account","An urgent request for personal or financial information","To provide an additional layer of identity verification","https://example.com","Install the security update when appropriate","Do not provide the information and verify through an official channel","Avoid sensitive transactions on the unsecured network","Continue using the account normally","They always reduce device security","Agree","Neutral","Neutral","Strongly agree","Strongly agree","Strongly agree","Disagree","Neutral","Neutral","Agree","Disagree","Strongly Disagree","Strongly Disagree","Strongly Disagree","Agree","Strongly Disagree","Neutral","Strongly Agree","Disagree","Agree","Disagree","Disagree","Agree","Strongly Agree"
"2026/08/20 11:37:27 AM GMT+1","No","","","","","","","","","","","","","","","","","","","","","","","","","","","","","","","","","","","","","","","","","",""
"2026/08/20 11:37:50 AM GMT+1","Yes","Male","21–30","Undergraduate","Student","Below £1000","Semi-Urban","Daily","More than 6 years","T7#mQ9!vL2@p","Avoid the link and contact the bank through its official channel","An urgent request for personal or financial information","To provide an additional layer of identity verification","https://example.com","Install the security update when appropriate","Do not provide the information and verify through an official channel","Avoid sensitive transactions on the unsecured network","Change the password and follow the provider's security procedures","They can help fix security vulnerabilities","Strongly agree","Strongly agree","Strongly disagree","Strongly Disagree","Strongly disagree","Strongly disagree","Strongly Agree","Strongly Agree","Strongly Agree","Neutral","Neutral","Neutral","Neutral","Strongly Agree","Agree","Agree","Agree","Strongly Agree","Neutral","Strongly Agree","Neutral","Strongly Agree","Neutral","Neutral"
"2026/08/20 11:40:13 AM GMT+1","Yes","Male","21–30","Postgraduate","Business","£2001 - £2500","Semi-Urban","Monthly","More than 6 years","T7#mQ9!vL2@p","Avoid the link and contact the bank through its official channel","A message containing your name","To provide an additional layer of identity verification","https://example.com","Disable security notifications","Do not provide the information and verify through an official channel","Avoid sensitive transactions on the unsecured network","Change the password and follow the provider's security procedures","They can help fix security vulnerabilities","Strongly disagree","Strongly Disagree","Strongly disagree","Strongly Disagree","Strongly disagree","Strongly disagree","Strongly disagree","Neutral","Neutral","Neutral","Neutral","Neutral","Neutral","Neutral","Neutral","Neutral","Neutral","Neutral","Neutral","Neutral","Neutral","Neutral","Neutral","Neutral"
"2026/08/20 11:40:33 AM GMT+1","No","","","","","","","","","","","","","","","","","","","","","","","","","","","","","","","","","","","","","","","","","",""
"2026/08/20 11:42:59 AM GMT+1","No","","","","","","","","","","","","","","","","","","","","","","","","","","","","","","","","","","","","","","","","","",""
"2026/08/20 11:44:13 AM GMT+1","Yes","Male","21–30","Undergraduate","Others","Below £1000","Rural","Daily","1–3 years","12345678","Avoid the link and contact the bank through its official channel","An urgent request for personal or financial information","To provide an additional layer of identity verification","https://example.com","Install the security update when appropriate","Provide the information if the message appears urgent","Conduct sensitive financial transactions normally","Continue using the account normally","They should always be disabled","Strongly disagree","Strongly Disagree","Strongly disagree","Neutral","Strongly agree","Disagree","Neutral","Agree","Agree","Strongly Agree","Strongly Agree","Strongly Disagree","Agree","Disagree","Neutral","Neutral","Disagree","Agree","Strongly Agree","Strongly Agree","Strongly Agree","Neutral","Agree","Strongly Agree"
"2026/08/20 11:45:10 AM GMT+1","No","","","","","","","","","","","","","","","","","","","","","","","","","","","","","","","","","","","","","","","","","",""
"2026/08/20 11:45:20 AM GMT+1","Yes","Male","21–30","Undergraduate","Private Employee","Below £1000","Semi-Urban","Daily","Less than 1 year","12345678","Click the link and verify the account","An urgent request for personal or financial information","To provide an additional layer of identity verification","http://example.com","Install the security update when appropriate","Do not provide the information and verify through an official channel","Conduct sensitive financial transactions normally","Continue using the account normally","They are generally unnecessary","Strongly agree","Neutral","Disagree","Agree","Agree","Agree","Disagree","Disagree","Agree","Strongly Agree","Agree","Neutral","Neutral","Strongly Disagree","Disagree","Neutral","Strongly Agree","Neutral","Neutral","Disagree","Neutral","Strongly Disagree","Disagree","Disagree"
"2026/08/20 11:49:16 AM GMT+1","No","","","","","","","","","","","","","","","","","","","","","","","","","","","","","","","","","","","","","","","","","",""
"2026/08/20 11:49:47 AM GMT+1","Yes","Male","21–30","Postgraduate","Student","Below £1000","Urban","Weekly","More than 6 years","T7#mQ9!vL2@p","Avoid the link and contact the bank through its official channel","An urgent request for personal or financial information","To provide an additional layer of identity verification","An unfamiliar shortened URL","Install the security update when appropriate","Do not provide the information and verify through an official channel","Avoid sensitive transactions on the unsecured network","Change the password and follow the provider's security procedures","They can help fix security vulnerabilities","Agree","Agree","Agree","Neutral","Neutral","Agree","Neutral","Strongly Agree","Agree","Agree","Agree","Agree","Neutral","Agree","Agree","Agree","Agree","Agree","Neutral","Neutral","Neutral","Agree","Neutral","Neutral"
"2026/08/20 11:49:48 AM GMT+1","Yes","Male","21–30","Others","Self-employed","Below £1000","Rural","Daily","Less than 1 year","12345678","Avoid the link and contact the bank through its official channel","An urgent request for personal or financial information","To provide an additional layer of identity verification","http://example.com","Install the security update when appropriate","Do not provide the information and verify through an official channel","Avoid sensitive transactions on the unsecured network","Change the password and follow the provider's security procedures","They can help fix security vulnerabilities","Strongly agree","Strongly agree","Strongly agree","Strongly agree","Strongly agree","Strongly agree","Strongly disagree","Strongly Agree","Strongly Agree","Strongly Agree","Strongly Agree","Strongly Agree","Strongly Agree","Strongly Agree","Strongly Agree","Strongly Agree","Strongly Agree","Strongly Agree","Strongly Agree","Strongly Agree","Strongly Agree","Strongly Agree","Strongly Agree","Strongly Agree"
"2026/08/20 11:50:07 AM GMT+1","No","","","","","","","","","","","","","","","","","","","","","","","","","","","","","","","","","","","","","","","","","",""
"2026/08/20 11:52:50 AM GMT+1","Yes","Male","Below 20","Higher Secondary","Student","Below £1000","Urban","Daily","Less than 1 year","12345678","Avoid the link and contact the bank through its official channel","An urgent request for personal or financial information","To provide an additional layer of identity verification","http://example.com","Install the security update when appropriate","Do not provide the information and verify through an official channel","Avoid sensitive transactions on the unsecured network","Change the password and follow the provider's security procedures","They can help fix security vulnerabilities","Strongly agree","Strongly agree","Strongly agree","Strongly agree","Strongly agree","Strongly agree","Strongly disagree","Strongly Agree","Strongly Agree","Strongly Agree","Strongly Agree","Strongly Agree","Strongly Agree","Strongly Agree","Strongly Agree","Strongly Agree","Strongly Agree","Agree","Strongly Agree","Strongly Agree","Strongly Agree","Strongly Agree","Strongly Agree","Strongly Agree"
"2026/08/20 11:54:36 AM GMT+1","No","","","","","","","","","","","","","","","","","","","","","","","","","","","","","","","","","","","","","","","","","",""
"2026/08/20 11:55:02 AM GMT+1","Yes","Male","Below 20","Higher Secondary","Government Employee","Below £1000","Urban","Daily","Less than 1 year","12345678","Avoid the link and contact the bank through its official channel","An urgent request for personal or financial information","To provide an additional layer of identity verification","http://example.com","Install the security update when appropriate","Do not provide the information and verify through an official channel","Avoid sensitive transactions on the unsecured network","Change the password and follow the provider's security procedures","They can help fix security vulnerabilities","Strongly agree","Strongly agree","Strongly agree","Strongly agree","Agree","Neutral","Strongly disagree","Agree","Agree","Agree","Agree","Agree","Agree","Agree","Agree","Neutral","Agree","Agree","Agree","Agree","Agree","Strongly Agree","Agree","Neutral"
"2026/08/20 11:57:07 AM GMT+1","Yes","Male","31-40","Higher Secondary","Student","Below £1000","Semi-Urban","Daily","4–6 years","12345678","Avoid the link and contact the bank through its official channel","An urgent request for personal or financial information","To provide an additional layer of identity verification","http://example.com","Install the security update when appropriate","Provide only the OTP","Avoid sensitive transactions on the unsecured network","Change the password and follow the provider's security procedures","They can help fix security vulnerabilities","Strongly agree","Agree","Agree","Agree","Agree","Agree","Agree","Neutral","Neutral","Agree","Strongly Agree","Strongly Agree","Disagree","Agree","Agree","Agree","Agree","Agree","Neutral","Agree","Agree","Agree","Agree","Agree"
"2026/08/20 11:57:59 AM GMT+1","Yes","Male","21–30","Postgraduate","Student","Below £1000","Urban","Daily","More than 6 years","T7#mQ9!vL2@p","Click the link and verify the account","A message containing your name","To provide an additional layer of identity verification","http://example.com","Install the security update when appropriate","Provide only the OTP","Avoid sensitive transactions on the unsecured network","Change the password and follow the provider's security procedures","They can help fix security vulnerabilities","Strongly agree","Strongly agree","Strongly agree","Strongly agree","Strongly agree","Strongly agree","Strongly disagree","Strongly Agree","Strongly Agree","Strongly Agree","Strongly Agree","Strongly Agree","Strongly Agree","Strongly Agree","Strongly Agree","Strongly Agree","Strongly Agree","Strongly Agree","Strongly Agree","Strongly Agree","Strongly Agree","Strongly Agree","Strongly Agree","Strongly Agree"
"2026/08/20 11:58:51 AM GMT+1","Yes","Male","21–30","Postgraduate","Private Employee","£1001 - £1500","Urban","Daily","Less than 1 year","12345678","Avoid the link and contact the bank through its official channel","An urgent request for personal or financial information","To automatically change passwords","https://example.com","Ignore it permanently","Provide only the OTP","Avoid sensitive transactions on the unsecured network","Change the password and follow the provider's security procedures","They can help fix security vulnerabilities","Strongly agree","Agree","Agree","Agree","Agree","Agree","Agree","Agree","Agree","Agree","Agree","Agree","Agree","Agree","Strongly Agree","Agree","Agree","Neutral","Neutral","Neutral","Neutral","Neutral","Neutral","Neutral"
"2026/08/20 12:01:17 PM GMT+1","Yes","Male","21–30","Undergraduate","Student","£1501 - £2000","Urban","Weekly","1–3 years","T7#mQ9!vL2@p","Click the link and verify the account","A routine service notification","To automatically change passwords","example-free-login.com","Disable security notifications","Provide the information if the message appears urgent","Conduct sensitive financial transactions normally","Ignore the incident","They always reduce device security","Strongly agree","Strongly agree","Neutral","Strongly agree","Strongly disagree","Disagree","Strongly Agree","Strongly Disagree","Neutral","Neutral","Strongly Disagree","Disagree","Disagree","Neutral","Strongly Agree","Strongly Agree","Neutral","Neutral","Neutral","Neutral","Neutral","Agree","Disagree","Disagree"
"2026/08/20 12:01:31 PM GMT+1","Yes","Male","21–30","Diploma","Private Employee","Below £1000","Semi-Urban","Weekly","1–3 years","password123","Reply to the email for confirmation","A routine service notification","To increase internet speed","http://example.com","Ignore it permanently","Provide only the OTP","Disable device security features","Ignore the incident","They are generally unnecessary","Agree","Agree","Strongly agree","Strongly Disagree","Neutral","Neutral","Agree","Agree","Agree","Agree","Agree","Agree","Agree","Agree","Agree","Agree","Agree","Agree","Agree","Agree","Agree","Agree","Strongly Agree","Strongly Agree"
"2026/08/20 12:01:36 PM GMT+1","Yes","Male","21–30","Diploma","Student","Below £1000","Urban","Daily","Less than 1 year","12345678","Avoid the link and contact the bank through its official channel","An urgent request for personal or financial information","To provide an additional layer of identity verification","http://example.com","Install the security update when appropriate","Do not provide the information and verify through an official channel","Avoid sensitive transactions on the unsecured network","Change the password and follow the provider's security procedures","They can help fix security vulnerabilities","Agree","Agree","Agree","Agree","Agree","Agree","Disagree","Agree","Agree","Agree","Agree","Agree","Agree","Agree","Agree","Agree","Agree","Agree","Agree","Agree","Agree","Agree","Agree","Agree"
"2026/08/20 12:03:00 PM GMT+1","Yes","Male","21–30","Undergraduate","Private Employee","Below £1000","Semi-Urban","Occasionally","4–6 years","T7#mQ9!vL2@p","Avoid the link and contact the bank through its official channel","An urgent request for personal or financial information","To provide an additional layer of identity verification","An unfamiliar shortened URL","Install the security update when appropriate","Do not provide the information and verify through an official channel","Avoid sensitive transactions on the unsecured network","Change the password and follow the provider's security procedures","They can help fix security vulnerabilities","Agree","Disagree","Disagree","Neutral","Neutral","Neutral","Neutral","Agree","Agree","Disagree","Disagree","Neutral","Disagree","Neutral","Disagree","Disagree","Neutral","Neutral","Neutral","Neutral","Neutral","Neutral","Neutral","Neutral"
"2026/08/20 12:03:45 PM GMT+1","Yes","Male","21–30","Undergraduate","Private Employee","Below £1000","Rural","Occasionally","1–3 years","T7#mQ9!vL2@p","Avoid the link and contact the bank through its official channel","A routine service notification","To prevent all types of cyberattacks","An unfamiliar shortened URL","Ignore it permanently","Do not provide the information and verify through an official channel","Disable device security features","Change the password and follow the provider's security procedures","They always reduce device security","Agree","Neutral","Agree","Disagree","Agree","Neutral","Neutral","Neutral","Neutral","Agree","Agree","Neutral","Disagree","Neutral","Agree","Disagree","Neutral","Neutral","Agree","Neutral","Agree","Neutral","Agree","Neutral"
"2026/08/20 12:03:51 PM GMT+1","Yes","Male","21–30","Higher Secondary","Business","Above £2500","Rural","Monthly","Less than 1 year","T7#mQ9!vL2@p","Avoid the link and contact the bank through its official channel","A message containing your name","To automatically change passwords","https://example.com","Ignore it permanently","Provide only the OTP","Avoid sensitive transactions on the unsecured network","Ignore the incident","They can help fix security vulnerabilities","Agree","Neutral","Agree","Neutral","Agree","Neutral","Neutral","Disagree","Agree","Strongly Disagree","Agree","Agree","Neutral","Strongly Agree","Agree","Agree","Agree","Agree","Agree","Agree","Agree","Agree","Agree","Agree"
"2026/08/20 12:05:43 PM GMT+1","Yes","Male","21–30","Diploma","Student","£1001 - £1500","Urban","Weekly","4–6 years","12345678","Avoid the link and contact the bank through its official channel","An urgent request for personal or financial information","To provide an additional layer of identity verification","An unfamiliar shortened URL","Install the security update when appropriate","Do not provide the information and verify through an official channel","Avoid sensitive transactions on the unsecured network","Change the password and follow the provider's security procedures","They can help fix security vulnerabilities","Strongly agree","Strongly agree","Neutral","Strongly agree","Strongly disagree","Disagree","Disagree","Strongly Agree","Disagree","Strongly Disagree","Strongly Disagree","Agree","Strongly Agree","Disagree","Strongly Disagree","Disagree","Neutral","Strongly Disagree","Strongly Agree","Disagree","Strongly Disagree","Disagree","Disagree","Agree"
"2026/08/20 12:05:48 PM GMT+1","Yes","Female","Below 20","Undergraduate","Student","£2001 - £2500","Semi-Urban","Daily","Less than 1 year","password123","Avoid the link and contact the bank through its official channel","A routine service notification","To automatically change passwords","An unfamiliar shortened URL","Install the security update when appropriate","Do not provide the information and verify through an official channel","Avoid sensitive transactions on the unsecured network","Change the password and follow the provider's security procedures","They can help fix security vulnerabilities","Strongly agree","Strongly agree","Strongly agree","Strongly agree","Strongly agree","Strongly agree","Strongly disagree","Strongly Agree","Strongly Agree","Strongly Agree","Strongly Agree","Strongly Agree","Strongly Agree","Strongly Agree","Strongly Agree","Neutral","Agree","Disagree","Strongly Agree","Strongly Agree","Strongly Agree","Strongly Agree","Strongly Agree","Strongly Agree"
"2026/08/20 12:06:57 PM GMT+1","Yes","Female","21–30","Undergraduate","Self-employed","Below £1000","Urban","Daily","More than 6 years","Name@123","Avoid the link and contact the bank through its official channel","An urgent request for personal or financial information","To provide an additional layer of identity verification","https://example.com","Install the security update when appropriate","Do not provide the information and verify through an official channel","Avoid sensitive transactions on the unsecured network","Change the password and follow the provider's security procedures","They can help fix security vulnerabilities","Neutral","Neutral","Agree","Strongly Disagree","Disagree","Neutral","Strongly disagree","Neutral","Neutral","Agree","Disagree","Disagree","Agree","Agree","Disagree","Agree","Neutral","Strongly Agree","Agree","Agree","Neutral","Disagree","Neutral","Agree"
"2026/08/20 12:08:25 PM GMT+1","Yes","Female","21–30","Postgraduate","Student","Below £1000","Semi-Urban","Monthly","1–3 years","T7#mQ9!vL2@p","Click the link and verify the account","A routine service notification","To increase internet speed","example-free-login.com","Install the security update when appropriate","Provide the information if the message appears urgent","Disable device security features","Ignore the incident","They always reduce device security","Agree","Agree","Disagree","Neutral","Disagree","Neutral","Disagree","Disagree","Neutral","Neutral","Neutral","Agree","Neutral","Neutral","Neutral","Neutral","Strongly Disagree","Disagree","Neutral","Agree","Strongly Disagree","Neutral","Disagree","Strongly Disagree"
"2026/08/20 12:08:30 PM GMT+1","Yes","Male","21–30","Postgraduate","Self-employed","£1501 - £2000","Semi-Urban","Monthly","4–6 years","T7#mQ9!vL2@p","Reply to the email for confirmation","A routine service notification","To automatically change passwords","example-free-login.com","Disable security notifications","Provide the information if the message appears urgent","Disable device security features","Continue using the account normally","They always reduce device security","Disagree","Agree","Neutral","Strongly agree","Neutral","Agree","Disagree","Disagree","Strongly Agree","Neutral","Strongly Agree","Agree","Disagree","Neutral","Neutral","Disagree","Agree","Neutral","Strongly Agree","Strongly Agree","Strongly Agree","Strongly Agree","Agree","Agree"
"2026/08/20 12:09:30 PM GMT+1","Yes","Male","21–30","Undergraduate","Student","Below £1000","Urban","Daily","4–6 years","Name@123","Avoid the link and contact the bank through its official channel","An urgent request for personal or financial information","To prevent all types of cyberattacks","http://example.com","Disable security notifications","Provide only the OTP","Avoid sensitive transactions on the unsecured network","Ignore the incident","They can help fix security vulnerabilities","Agree","Agree","Agree","Neutral","Agree","Neutral","Neutral","Neutral","Agree","Agree","Neutral","Agree","Agree","Agree","Agree","Agree","Agree","Agree","Agree","Agree","Agree","Agree","Agree","Agree"
"2026/08/20 12:10:17 PM GMT+1","Yes","Male","21–30","Undergraduate","Student","Below £1000","Rural","Occasionally","More than 6 years","T7#mQ9!vL2@p","Avoid the link and contact the bank through its official channel","A message containing your name","To provide an additional layer of identity verification","An unfamiliar shortened URL","Install the security update when appropriate","Do not provide the information and verify through an official channel","Avoid sensitive transactions on the unsecured network","Change the password and follow the provider's security procedures","They can help fix security vulnerabilities","Neutral","Neutral","Agree","Agree","Neutral","Neutral","Disagree","Agree","Neutral","Disagree","Neutral","Neutral","Agree","Neutral","Neutral","Disagree","Agree","Neutral","Agree","Neutral","Agree","Agree","Agree","Agree"
"2026/08/20 12:10:39 PM GMT+1","Yes","Female","21–30","Undergraduate","Student","Below £1000","Urban","Daily","4–6 years","T7#mQ9!vL2@p","Avoid the link and contact the bank through its official channel","A message containing your name","To provide an additional layer of identity verification","https://example.com","Disable security notifications","Provide the information if the message appears urgent","Share passwords over the network","Share the password with friends","They should always be disabled","Disagree","Disagree","Disagree","Disagree","Disagree","Disagree","Disagree","Agree","Agree","Agree","Agree","Agree","Agree","Agree","Neutral","Neutral","Neutral","Disagree","Agree","Neutral","Neutral","Neutral","Neutral","Neutral"
"2026/08/20 12:17:13 PM GMT+1","No","","","","","","","","","","","","","","","","","","","","","","","","","","","","","","","","","","","","","","","","","",""
"2026/08/20 12:17:54 PM GMT+1","Yes","Female","21–30","Postgraduate","Private Employee","Below £1000","Urban","Daily","Less than 1 year","T7#mQ9!vL2@p","Avoid the link and contact the bank through its official channel","An urgent request for personal or financial information","To prevent all types of cyberattacks","example-free-login.com","Install the security update when appropriate","Do not provide the information and verify through an official channel","Avoid sensitive transactions on the unsecured network","Change the password and follow the provider's security procedures","They can help fix security vulnerabilities","Agree","Neutral","Neutral","Neutral","Neutral","Disagree","Disagree","Neutral","Neutral","Neutral","Neutral","Neutral","Neutral","Neutral","Neutral","Neutral","Neutral","Neutral","Neutral","Neutral","Neutral","Neutral","Neutral","Neutral"
"2026/08/20 12:21:58 PM GMT+1","Yes","Male","21–30","Undergraduate","Student","£1001 - £1500","Semi-Urban","Daily","1–3 years","T7#mQ9!vL2@p","Avoid the link and contact the bank through its official channel","An urgent request for personal or financial information","To prevent all types of cyberattacks","http://example.com","Ignore it permanently","Do not provide the information and verify through an official channel","Avoid sensitive transactions on the unsecured network","Change the password and follow the provider's security procedures","They can help fix security vulnerabilities","Neutral","Disagree","Agree","Disagree","Disagree","Agree","Disagree","Agree","Neutral","Agree","Disagree","Agree","Disagree","Agree","Disagree","Neutral","Agree","Neutral","Agree","Strongly Agree","Agree","Neutral","Agree","Agree"
"2026/08/20 12:22:13 PM GMT+1","Yes","Female","21–30","Postgraduate","Others","Below £1000","Semi-Urban","Monthly","Less than 1 year","T7#mQ9!vL2@p","Avoid the link and contact the bank through its official channel","An urgent request for personal or financial information","To provide an additional layer of identity verification","An unfamiliar shortened URL","Ignore it permanently","Do not provide the information and verify through an official channel","Avoid sensitive transactions on the unsecured network","Change the password and follow the provider's security procedures","They always reduce device security","Strongly agree","Agree","Agree","Agree","Neutral","Agree","Disagree","Strongly Agree","Strongly Agree","Strongly Agree","Strongly Agree","Strongly Agree","Strongly Agree","Strongly Agree","Strongly Agree","Strongly Agree","Strongly Agree","Strongly Disagree","Strongly Agree","Neutral","Agree","Strongly Agree","Strongly Agree","Strongly Agree"
"2026/08/20 12:24:44 PM GMT+1","Yes","Male","21–30","Postgraduate","Private Employee","Below £1000","Semi-Urban","Weekly","1–3 years","T7#mQ9!vL2@p","Avoid the link and contact the bank through its official channel","A message containing your name","To automatically change passwords","https://example.com","Disable security notifications","Provide the information if the message appears urgent","Avoid sensitive transactions on the unsecured network","Ignore the incident","They are generally unnecessary","Neutral","Neutral","Agree","Disagree","Neutral","Disagree","Neutral","Neutral","Disagree","Neutral","Disagree","Agree","Disagree","Disagree","Disagree","Strongly Agree","Strongly Agree","Strongly Agree","Neutral","Agree","Strongly Agree","Strongly Agree","Strongly Agree","Neutral"
"2026/08/20 12:26:04 PM GMT+1","Yes","Female","21–30","Postgraduate","Student","Below £1000","Rural","Occasionally","1–3 years","T7#mQ9!vL2@p","Avoid the link and contact the bank through its official channel","An urgent request for personal or financial information","To prevent all types of cyberattacks","An unfamiliar shortened URL","Delete the application","Do not provide the information and verify through an official channel","Avoid sensitive transactions on the unsecured network","Change the password and follow the provider's security procedures","They can help fix security vulnerabilities","Neutral","Neutral","Neutral","Neutral","Agree","Neutral","Disagree","Agree","Agree","Agree","Agree","Neutral","Neutral","Agree","Neutral","Neutral","Neutral","Agree","Agree","Neutral","Neutral","Neutral","Agree","Agree"
"2026/08/20 12:29:36 PM GMT+1","Yes","Female","21–30","Diploma","Business","Above £2500","Rural","Daily","4–6 years","T7#mQ9!vL2@p","Avoid the link and contact the bank through its official channel","A message containing your name","To automatically change passwords","An unfamiliar shortened URL","Delete the application","Provide only the OTP","Avoid sensitive transactions on the unsecured network","Ignore the incident","They can help fix security vulnerabilities","Strongly agree","Strongly agree","Strongly agree","Neutral","Neutral","Neutral","Neutral","Neutral","Agree","Strongly Agree","Strongly Agree","Neutral","Neutral","Disagree","Agree","Disagree","Agree","Agree","Neutral","Disagree","Strongly Disagree","Strongly Disagree","Disagree","Disagree"
"2026/08/20 12:29:58 PM GMT+1","Yes","Female","21–30","Postgraduate","Others","Below £1000","Semi-Urban","Monthly","1–3 years","T7#mQ9!vL2@p","Avoid the link and contact the bank through its official channel","A message from a known organisation","To prevent all types of cyberattacks","example-free-login.com","Install the security update when appropriate","Do not provide the information and verify through an official channel","Avoid sensitive transactions on the unsecured network","Change the password and follow the provider's security procedures","They can help fix security vulnerabilities","Neutral","Disagree","Agree","Strongly Disagree","Disagree","Disagree","Strongly disagree","Agree","Neutral","Neutral","Neutral","Neutral","Neutral","Neutral","Neutral","Neutral","Neutral","Agree","Neutral","Neutral","Disagree","Disagree","Agree","Neutral"
"2026/08/20 12:32:58 PM GMT+1","Yes","Male","41-50","Others","Business","Above £2500","Rural","Daily","More than 6 years","Name@123","Avoid the link and contact the bank through its official channel","An urgent request for personal or financial information","To provide an additional layer of identity verification","http://example.com","Install the security update when appropriate","Provide the information if the message appears urgent","Avoid sensitive transactions on the unsecured network","Change the password and follow the provider's security procedures","They can help fix security vulnerabilities","Strongly agree","Strongly agree","Strongly agree","Strongly agree","Agree","Strongly agree","Strongly Agree","Agree","Agree","Neutral","Neutral","Agree","Agree","Agree","Strongly Agree","Strongly Agree","Strongly Disagree","Agree","Agree","Agree","Agree","Agree","Neutral","Neutral"
"2026/08/20 12:32:58 PM GMT+1","Yes","Male","21–30","Postgraduate","Self-employed","£1001 - £1500","Urban","Daily","More than 6 years","T7#mQ9!vL2@p","Avoid the link and contact the bank through its official channel","An urgent request for personal or financial information","To prevent all types of cyberattacks","https://example.com","Install the security update when appropriate","Do not provide the information and verify through an official channel","Avoid sensitive transactions on the unsecured network","Change the password and follow the provider's security procedures","They can help fix security vulnerabilities","Strongly agree","Neutral","Agree","Neutral","Agree","Neutral","Agree","Agree","Neutral","Agree","Agree","Agree","Agree","Agree","Agree","Agree","Agree","Agree","Agree","Agree","Agree","Disagree","Strongly Agree","Strongly Agree"
"2026/08/20 12:33:12 PM GMT+1","Yes","Male","31-40","Postgraduate","Business","£2001 - £2500","Semi-Urban","Daily","More than 6 years","Name@123","Avoid the link and contact the bank through its official channel","A message containing your name","To automatically change passwords","An unfamiliar shortened URL","Install the security update when appropriate","Do not provide the information and verify through an official channel","Avoid sensitive transactions on the unsecured network","Change the password and follow the provider's security procedures","They always reduce device security","Neutral","Neutral","Agree","Agree","Agree","Disagree","Neutral","Agree","Agree","Neutral","Agree","Neutral","Agree","Agree","Agree","Agree","Neutral","Agree","Neutral","Agree","Agree","Neutral","Agree","Neutral"
"2026/08/20 12:33:40 PM GMT+1","No","","","","","","","","","","","","","","","","","","","","","","","","","","","","","","","","","","","","","","","","","",""
"2026/08/20 12:33:57 PM GMT+1","Yes","Female","31-40","Higher Secondary","Homemaker","Below £1000","Rural","Daily","More than 6 years","Name@123","Avoid the link and contact the bank through its official channel","An urgent request for personal or financial information","To provide an additional layer of identity verification","https://example.com","Install the security update when appropriate","Provide the information if the message appears urgent","Avoid sensitive transactions on the unsecured network","Change the password and follow the provider's security procedures","They can help fix security vulnerabilities","Strongly agree","Strongly agree","Strongly agree","Strongly agree","Agree","Strongly agree","Strongly Agree","Agree","Agree","Neutral","Neutral","Agree","Agree","Agree","Strongly Agree","Strongly Agree","Strongly Disagree","Neutral","Agree","Agree","Agree","Neutral","Agree","Agree"
"2026/08/20 12:34:56 PM GMT+1","Yes","Male","21–30","Undergraduate","Student","Below £1000","Urban","Daily","More than 6 years","T7#mQ9!vL2@p","Avoid the link and contact the bank through its official channel","A routine service notification","To prevent all types of cyberattacks","An unfamiliar shortened URL","Install the security update when appropriate","Provide the information if the message appears urgent","Avoid sensitive transactions on the unsecured network","Change the password and follow the provider's security procedures","They always reduce device security","Agree","Agree","Agree","Neutral","Disagree","Neutral","Strongly disagree","Strongly Agree","Agree","Disagree","Disagree","Disagree","Strongly Disagree","Disagree","Disagree","Strongly Agree","Agree","Strongly Agree","Neutral","Neutral","Strongly Agree","Disagree","Agree","Strongly Agree"
"2026/08/20 12:36:08 PM GMT+1","Yes","Male","21–30","Undergraduate","Business","Below £1000","Semi-Urban","Daily","1–3 years","T7#mQ9!vL2@p","Reply to the email for confirmation","A routine service notification","To automatically change passwords","https://example.com","Install the security update when appropriate","Provide the information if the message appears urgent","Share passwords over the network","Ignore the incident","They can help fix security vulnerabilities","Neutral","Neutral","Neutral","Neutral","Neutral","Neutral","Neutral","Neutral","Neutral","Neutral","Neutral","Neutral","Neutral","Neutral","Disagree","Agree","Disagree","Agree","Strongly Disagree","Strongly Agree","Agree","Disagree","Strongly Agree","Disagree"
"2026/08/20 12:36:19 PM GMT+1","Yes","Male","21–30","Postgraduate","Others","Below £1000","Semi-Urban","Daily","More than 6 years","T7#mQ9!vL2@p","Avoid the link and contact the bank through its official channel","An urgent request for personal or financial information","To provide an additional layer of identity verification","An unfamiliar shortened URL","Install the security update when appropriate","Do not provide the information and verify through an official channel","Avoid sensitive transactions on the unsecured network","Change the password and follow the provider's security procedures","They can help fix security vulnerabilities","Strongly agree","Strongly agree","Strongly agree","Strongly agree","Strongly agree","Strongly agree","Strongly disagree","Strongly Agree","Strongly Agree","Agree","Agree","Agree","Agree","Agree","Agree","Agree","Agree","Agree","Agree","Agree","Agree","Agree","Agree","Agree"
"2026/08/20 12:36:58 PM GMT+1","Yes","Male","21–30","Postgraduate","Student","Below £1000","Semi-Urban","Daily","More than 6 years","T7#mQ9!vL2@p","Avoid the link and contact the bank through its official channel","An urgent request for personal or financial information","To provide an additional layer of identity verification","http://example.com","Install the security update when appropriate","Provide only the OTP","Avoid sensitive transactions on the unsecured network","Ignore the incident","They can help fix security vulnerabilities","Neutral","Neutral","Neutral","Neutral","Neutral","Neutral","Neutral","Neutral","Neutral","Neutral","Neutral","Neutral","Neutral","Neutral","Neutral","Neutral","Neutral","Neutral","Neutral","Neutral","Neutral","Neutral","Neutral","Neutral"
"2026/08/20 12:37:18 PM GMT+1","Yes","Male","21–30","Postgraduate","Private Employee","£1001 - £1500","Urban","Weekly","Less than 1 year","T7#mQ9!vL2@p","Avoid the link and contact the bank through its official channel","A message containing your name","To automatically change passwords","http://example.com","Ignore it permanently","Provide only the OTP","Disable device security features","Ignore the incident","They are generally unnecessary","Strongly agree","Neutral","Agree","Agree","Agree","Strongly disagree","Agree","Neutral","Neutral","Agree","Neutral","Strongly Agree","Neutral","Disagree","Neutral","Agree","Strongly Agree","Neutral","Disagree","Strongly disagree","Neutral","Neutral","Agree","Neutral"
"2026/08/20 12:41:22 PM GMT+1","Yes","Male","21–30","Postgraduate","Private Employee","Below £1000","Semi-Urban","Weekly","1–3 years","T7#mQ9!vL2@p","Avoid the link and contact the bank through its official channel","An urgent request for personal or financial information","To automatically change passwords","https://example.com","Ignore it permanently","Do not provide the information and verify through an official channel","Avoid sensitive transactions on the unsecured network","Ignore the incident","They should always be disabled","Neutral","Neutral","Agree","Disagree","Strongly agree","Strongly agree","Disagree","Disagree","Strongly Agree","Agree","Strongly Disagree","Strongly Agree","Strongly Agree","Agree","Neutral","Neutral","Neutral","Neutral","Neutral","Neutral","Agree","Neutral","Neutral","Neutral"
"2026/08/20 12:44:32 PM GMT+1","Yes","Female","Below 20","Higher Secondary","Student","£1501 - £2000","Semi-Urban","Daily","4–6 years","T7#mQ9!vL2@p","Avoid the link and contact the bank through its official channel","A message from a known organisation","To prevent all types of cyberattacks","https://example.com","Ignore it permanently","Do not provide the information and verify through an official channel","Avoid sensitive transactions on the unsecured network","Change the password and follow the provider's security procedures","They can help fix security vulnerabilities","Neutral","Neutral","Neutral","Agree","Agree","Neutral","Strongly disagree","Agree","Neutral","Neutral","Neutral","Neutral","Neutral","Neutral","Neutral","Neutral","Neutral","Neutral","Neutral","Neutral","Neutral","Neutral","Neutral","Neutral"
"2026/08/20 12:45:13 PM GMT+1","Yes","Female","Below 20","Higher Secondary","Student","Below £1000","Urban","Daily","More than 6 years","T7#mQ9!vL2@p","Avoid the link and contact the bank through its official channel","An urgent request for personal or financial information","To prevent all types of cyberattacks","An unfamiliar shortened URL","Ignore it permanently","Do not provide the information and verify through an official channel","Avoid sensitive transactions on the unsecured network","Change the password and follow the provider's security procedures","They can help fix security vulnerabilities","Neutral","Agree","Strongly disagree","Agree","Agree","Neutral","Strongly Agree","Neutral","Disagree","Neutral","Agree","Neutral","Agree","Strongly Disagree","Strongly Disagree","Neutral","Neutral","Neutral","Agree","Neutral","Neutral","Neutral","Neutral","Neutral"
"2026/08/20 12:45:34 PM GMT+1","No","","","","","","","","","","","","","","","","","","","","","","","","","","","","","","","","","","","","","","","","","",""
"2026/08/20 12:47:16 PM GMT+1","Yes","Male","21–30","Postgraduate","Student","£1501 - £2000","Urban","Daily","4–6 years","T7#mQ9!vL2@p","Avoid the link and contact the bank through its official channel","An urgent request for personal or financial information","To provide an additional layer of identity verification","example-free-login.com","Ignore it permanently","Provide only the OTP","Disable device security features","Change the password and follow the provider's security procedures","They can help fix security vulnerabilities","Disagree","Agree","Neutral","Strongly agree","Strongly agree","Strongly agree","Strongly disagree","Strongly Agree","Strongly Agree","Strongly Agree","Strongly Agree","Strongly Agree","Strongly Agree","Strongly Agree","Strongly Agree","Strongly Agree","Strongly Agree","Strongly Agree","Strongly Agree","Strongly Agree","Strongly Agree","Strongly Agree","Strongly Agree","Strongly Agree"
"2026/08/20 12:47:32 PM GMT+1","Yes","Female","Below 20","Higher Secondary","Student","Below £1000","Urban","Daily","1–3 years","T7#mQ9!vL2@p","Avoid the link and contact the bank through its official channel","A message from a known organisation","To prevent all types of cyberattacks","An unfamiliar shortened URL","Disable security notifications","Provide the information if the message appears urgent","Conduct sensitive financial transactions normally","Ignore the incident","They always reduce device security","Neutral","Neutral","Neutral","Neutral","Strongly disagree","Strongly disagree","Strongly disagree","Agree","Neutral","Neutral","Neutral","Neutral","Neutral","Neutral","Neutral","Neutral","Neutral","Neutral","Neutral","Neutral","Neutral","Neutral","Neutral","Neutral"
"2026/08/20 12:50:06 PM GMT+1","No","","","","","","","","","","","","","","","","","","","","","","","","","","","","","","","","","","","","","","","","","",""
"2026/08/20 12:52:42 PM GMT+1","Yes","Female","21–30","Undergraduate","Student","Below £1000","Semi-Urban","Daily","More than 6 years","T7#mQ9!vL2@p","Avoid the link and contact the bank through its official channel","A message from a known organisation","To prevent all types of cyberattacks","An unfamiliar shortened URL","Install the security update when appropriate","Provide the information if the message appears urgent","Avoid sensitive transactions on the unsecured network","Change the password and follow the provider's security procedures","They always reduce device security","Neutral","Neutral","Neutral","Neutral","Disagree","Disagree","Disagree","Neutral","Agree","Agree","Neutral","Disagree","Neutral","Disagree","Disagree","Disagree","Disagree","Agree","Neutral","Neutral","Neutral","Neutral","Neutral","Neutral"
"2026/08/20 12:53:00 PM GMT+1","Yes","Female","Below 20","Higher Secondary","Student","Below £1000","Semi-Urban","Daily","1–3 years","T7#mQ9!vL2@p","Avoid the link and contact the bank through its official channel","An urgent request for personal or financial information","To provide an additional layer of identity verification","An unfamiliar shortened URL","Install the security update when appropriate","Do not provide the information and verify through an official channel","Avoid sensitive transactions on the unsecured network","Change the password and follow the provider's security procedures","They can help fix security vulnerabilities","Neutral","Neutral","Agree","Agree","Disagree","Strongly disagree","Strongly disagree","Agree","Agree","Neutral","Agree","Neutral","Neutral","Disagree","Disagree","Neutral","Neutral","Agree","Neutral","Neutral","Neutral","Neutral","Agree","Neutral"
"2026/08/20 1:19:28 PM GMT+1","Yes","Female","21–30","Higher Secondary","Others","Below £1000","Semi-Urban","Daily","4–6 years","T7#mQ9!vL2@p","Avoid the link and contact the bank through its official channel","An urgent request for personal or financial information","To provide an additional layer of identity verification","http://example.com","Install the security update when appropriate","Do not provide the information and verify through an official channel","Avoid sensitive transactions on the unsecured network","Change the password and follow the provider's security procedures","They can help fix security vulnerabilities","Neutral","Agree","Neutral","Neutral","Neutral","Neutral","Neutral","Agree","Agree","Agree","Neutral","Agree","Agree","Agree","Agree","Agree","Agree","Neutral","Agree","Agree","Agree","Disagree","Disagree","Disagree"
"2026/08/20 1:20:48 PM GMT+1","No","","","","","","","","","","","","","","","","","","","","","","","","","","","","","","","","","","","","","","","","","",""
"2026/08/20 1:21:01 PM GMT+1","No","","","","","","","","","","","","","","","","","","","","","","","","","","","","","","","","","","","","","","","","","",""
"2026/08/20 1:22:21 PM GMT+1","Yes","Male","Below 20","Higher Secondary","Student","Below £1000","Urban","Weekly","Less than 1 year","Name@123","Forward the email to friends","An urgent request for personal or financial information","To increase internet speed","http://example.com","Disable security notifications","Forward the information to another person","Avoid sensitive transactions on the unsecured network","Change the password and follow the provider's security procedures","They are generally unnecessary","Agree","Agree","Agree","Agree","Agree","Disagree","Neutral","Disagree","Agree","Disagree","Disagree","Agree","Agree","Disagree","Agree","Agree","Agree","Agree","Agree","Agree","Strongly Agree","Agree","Agree","Agree"
"2026/08/20 1:23:46 PM GMT+1","Yes","Male","Below 20","Undergraduate","Student","Below £1000","Urban","Occasionally","1–3 years","T7#mQ9!vL2@p","Avoid the link and contact the bank through its official channel","An urgent request for personal or financial information","To provide an additional layer of identity verification","http://example.com","Install the security update when appropriate","Do not provide the information and verify through an official channel","Avoid sensitive transactions on the unsecured network","Change the password and follow the provider's security procedures","They can help fix security vulnerabilities","Neutral","Agree","Agree","Agree","Agree","Agree","Disagree","Neutral","Agree","Agree","Neutral","Neutral","Strongly Agree","Agree","Neutral","Agree","Neutral","Neutral","Agree","Strongly Agree","Neutral","Neutral","Agree","Agree"
"2026/08/20 1:29:53 PM GMT+1","Yes","Female","21–30","Undergraduate","Student","Below £1000","Urban","Daily","4–6 years","T7#mQ9!vL2@p","Avoid the link and contact the bank through its official channel","An urgent request for personal or financial information","To provide an additional layer of identity verification","https://example.com","Install the security update when appropriate","Do not provide the information and verify through an official channel","Avoid sensitive transactions on the unsecured network","Change the password and follow the provider's security procedures","They can help fix security vulnerabilities","Neutral","Neutral","Strongly agree","Disagree","Strongly agree","Disagree","Strongly disagree","Agree","Neutral","Strongly Agree","Strongly Agree","Strongly Agree","Neutral","Strongly Agree","Strongly Disagree","Neutral","Strongly Agree","Strongly Agree","Strongly Agree","Strongly Agree","Strongly Agree","Strongly Agree","Strongly Agree","Strongly Agree"
"2026/08/20 1:33:52 PM GMT+1","Yes","Female","21–30","Undergraduate","Homemaker","Below £1000","Semi-Urban","Daily","1–3 years","T7#mQ9!vL2@p","Avoid the link and contact the bank through its official channel","An urgent request for personal or financial information","To provide an additional layer of identity verification","https://example.com","Install the security update when appropriate","Do not provide the information and verify through an official channel","Avoid sensitive transactions on the unsecured network","Change the password and follow the provider's security procedures","They can help fix security vulnerabilities","Agree","Agree","Strongly agree","Agree","Strongly agree","Strongly agree","Neutral","Strongly Agree","Strongly Agree","Disagree","Strongly Agree","Agree","Neutral","Agree","Agree","Strongly Agree","Agree","Agree","Strongly Agree","Strongly Agree","Agree","Strongly Agree","Strongly Agree","Strongly Agree"
"2026/08/20 1:34:43 PM GMT+1","Yes","Male","21–30","Undergraduate","Student","Below £1000","Rural","Weekly","1–3 years","T7#mQ9!vL2@p","Avoid the link and contact the bank through its official channel","An urgent request for personal or financial information","To provide an additional layer of identity verification","https://example.com","Install the security update when appropriate","Do not provide the information and verify through an official channel","Avoid sensitive transactions on the unsecured network","Change the password and follow the provider's security procedures","They can help fix security vulnerabilities","Agree","Agree","Neutral","Disagree","Disagree","Neutral","Disagree","Disagree","Agree","Neutral","Agree","Neutral","Neutral","Neutral","Neutral","Disagree","Agree","Disagree","Agree","Strongly Agree","Agree","Neutral","Neutral","Agree"
"2026/08/20 1:38:05 PM GMT+1","No","","","","","","","","","","","","","","","","","","","","","","","","","","","","","","","","","","","","","","","","","",""
"2026/08/20 1:39:30 PM GMT+1","No","","","","","","","","","","","","","","","","","","","","","","","","","","","","","","","","","","","","","","","","","",""
"2026/08/20 1:43:29 PM GMT+1","No","","","","","","","","","","","","","","","","","","","","","","","","","","","","","","","","","","","","","","","","","",""
"2026/08/20 1:48:04 PM GMT+1","Yes","Male","Below 20","Higher Secondary","Student","Below £1000","Urban","Daily","Less than 1 year","12345678","Avoid the link and contact the bank through its official channel","An urgent request for personal or financial information","To provide an additional layer of identity verification","http://example.com","Install the security update when appropriate","Do not provide the information and verify through an official channel","Avoid sensitive transactions on the unsecured network","Change the password and follow the provider's security procedures","They can help fix security vulnerabilities","Strongly agree","Strongly agree","Strongly agree","Strongly agree","Strongly agree","Strongly agree","Strongly disagree","Agree","Agree","Agree","Agree","Agree","Agree","Agree","Agree","Neutral","Disagree","Neutral","Disagree","Strongly disagree","Strongly Disagree","Strongly Disagree","Strongly disagree","Strongly Disagree"
"2026/08/20 1:50:06 PM GMT+1","Yes","Male","21–30","Undergraduate","Private Employee","Below £1000","Rural","Occasionally","4–6 years","Name@123","Avoid the link and contact the bank through its official channel","A message from a known organisation","To prevent all types of cyberattacks","https://example.com","Install the security update when appropriate","Do not provide the information and verify through an official channel","Avoid sensitive transactions on the unsecured network","Change the password and follow the provider's security procedures","They can help fix security vulnerabilities","Agree","Agree","Agree","Agree","Neutral","Agree","Agree","Agree","Strongly Agree","Agree","Disagree","Agree","Strongly Agree","Agree","Agree","Strongly Agree","Neutral","Agree","Strongly Agree","Strongly Agree","Strongly Agree","Strongly Agree","Strongly Agree","Strongly Agree"
"2026/08/20 1:50:10 PM GMT+1","No","","","","","","","","","","","","","","","","","","","","","","","","","","","","","","","","","","","","","","","","","",""
"2026/08/20 1:51:54 PM GMT+1","Yes","Female","21–30","Undergraduate","Student","Below £1000","Semi-Urban","Daily","1–3 years","T7#mQ9!vL2@p","Avoid the link and contact the bank through its official channel","An urgent request for personal or financial information","To prevent all types of cyberattacks","An unfamiliar shortened URL","Disable security notifications","Provide the information if the message appears urgent","Conduct sensitive financial transactions normally","Continue using the account normally","They are generally unnecessary","Neutral","Neutral","Neutral","Neutral","Neutral","Neutral","Neutral","Neutral","Neutral","Neutral","Neutral","Neutral","Neutral","Neutral","Neutral","Neutral","Neutral","Neutral","Neutral","Neutral","Neutral","Neutral","Neutral","Neutral"
"2026/08/20 1:54:20 PM GMT+1","Yes","Male","21–30","Others","Student","Below £1000","Rural","Occasionally","Less than 1 year","password123","Click the link and verify the account","A message from a known organisation","To prevent all types of cyberattacks","An unfamiliar shortened URL","Ignore it permanently","Provide the information if the message appears urgent","Disable device security features","Change the password and follow the provider's security procedures","They always reduce device security","Neutral","Neutral","Neutral","Neutral","Neutral","Neutral","Neutral","Neutral","Neutral","Neutral","Neutral","Neutral","Neutral","Neutral","Neutral","Agree","Disagree","Agree","Neutral","Neutral","Agree","Agree","Neutral","Neutral"
"2026/08/20 1:55:22 PM GMT+1","Yes","Female","21–30","Postgraduate","Student","Below £1000","Semi-Urban","Occasionally","Less than 1 year","Name@123","Avoid the link and contact the bank through its official channel","A routine service notification","To provide an additional layer of identity verification","An unfamiliar shortened URL","Disable security notifications","Provide only the OTP","Avoid sensitive transactions on the unsecured network","Change the password and follow the provider's security procedures","They are generally unnecessary","Agree","Agree","Agree","Neutral","Neutral","Agree","Neutral","Agree","Neutral","Neutral","Agree","Agree","Neutral","Neutral","Agree","Neutral","Agree","Neutral","Neutral","Neutral","Agree","Neutral","Agree","Neutral"
"2026/08/20 2:04:47 PM GMT+1","Yes","Male","21–30","Undergraduate","Student","Below £1000","Rural","Daily","More than 6 years","T7#mQ9!vL2@p","Avoid the link and contact the bank through its official channel","A routine service notification","To provide an additional layer of identity verification","An unfamiliar shortened URL","Install the security update when appropriate","Do not provide the information and verify through an official channel","Avoid sensitive transactions on the unsecured network","Change the password and follow the provider's security procedures","They can help fix security vulnerabilities","Neutral","Agree","Agree","Agree","Disagree","Disagree","Disagree","Neutral","Agree","Neutral","Disagree","Disagree","Neutral","Disagree","Disagree","Agree","Agree","Agree","Agree","Agree","Disagree","Neutral","Agree","Agree"
"2026/08/20 2:07:11 PM GMT+1","Yes","Female","21–30","Undergraduate","Student","Below £1000","Semi-Urban","Daily","1–3 years","T7#mQ9!vL2@p","Avoid the link and contact the bank through its official channel","An urgent request for personal or financial information","To prevent all types of cyberattacks","An unfamiliar shortened URL","Install the security update when appropriate","Do not provide the information and verify through an official channel","Avoid sensitive transactions on the unsecured network","Change the password and follow the provider's security procedures","They can help fix security vulnerabilities","Neutral","Agree","Neutral","Neutral","Disagree","Neutral","Neutral","Agree","Neutral","Agree","Disagree","Neutral","Neutral","Neutral","Neutral","Agree","Agree","Neutral","Agree","Neutral","Agree","Neutral","Agree","Agree"
"2026/08/20 2:07:55 PM GMT+1","Yes","Male","31-40","Undergraduate","Business","£2001 - £2500","Rural","Daily","4–6 years","T7#mQ9!vL2@p","Avoid the link and contact the bank through its official channel","An urgent request for personal or financial information","To provide an additional layer of identity verification","https://example.com","Install the security update when appropriate","Do not provide the information and verify through an official channel","Avoid sensitive transactions on the unsecured network","Change the password and follow the provider's security procedures","They can help fix security vulnerabilities","Strongly agree","Strongly agree","Agree","Agree","Strongly agree","Strongly agree","Strongly disagree","Agree","Strongly Agree","Neutral","Strongly Agree","Agree","Neutral","Agree","Strongly Agree","Strongly Agree","Strongly Agree","Agree","Agree","Strongly Agree","Agree","Agree","Strongly Agree","Strongly Agree"
"2026/08/20 2:10:38 PM GMT+1","No","","","","","","","","","","","","","","","","","","","","","","","","","","","","","","","","","","","","","","","","","",""
"2026/08/20 2:12:35 PM GMT+1","Yes","Male","21–30","Diploma","Student","Below £1000","Urban","Weekly","1–3 years","T7#mQ9!vL2@p","Avoid the link and contact the bank through its official channel","An urgent request for personal or financial information","To provide an additional layer of identity verification","https://example.com","Install the security update when appropriate","Do not provide the information and verify through an official channel","Avoid sensitive transactions on the unsecured network","Change the password and follow the provider's security procedures","They can help fix security vulnerabilities","Neutral","Agree","Agree","Disagree","Strongly disagree","Disagree","Strongly Agree","Agree","Neutral","Neutral","Disagree","Neutral","Agree","Agree","Neutral","Agree","Neutral","Agree","Agree","Neutral","Agree","Neutral","Agree","Neutral"
"2026/08/20 2:30:31 PM GMT+1","Yes","Female","21–30","Postgraduate","Self-employed","Below £1000","Urban","Weekly","1–3 years","T7#mQ9!vL2@p","Avoid the link and contact the bank through its official channel","A message containing your name","To provide an additional layer of identity verification","example-free-login.com","Ignore it permanently","Do not provide the information and verify through an official channel","Avoid sensitive transactions on the unsecured network","Ignore the incident","They should always be disabled","Strongly agree","Strongly agree","Strongly agree","Strongly agree","Strongly agree","Strongly agree","Strongly disagree","Strongly Agree","Strongly Agree","Neutral","Strongly Agree","Strongly Agree","Neutral","Strongly Agree","Strongly Agree","Strongly Agree","Strongly Agree","Neutral","Neutral","Neutral","Agree","Neutral","Neutral","Disagree"
"2026/08/20 2:30:58 PM GMT+1","Yes","Female","Below 20","Higher Secondary","Student","Below £1000","Rural","Daily","4–6 years","T7#mQ9!vL2@p","Avoid the link and contact the bank through its official channel","A message containing your name","To prevent all types of cyberattacks","An unfamiliar shortened URL","Ignore it permanently","Do not provide the information and verify through an official channel","Avoid sensitive transactions on the unsecured network","Change the password and follow the provider's security procedures","They can help fix security vulnerabilities","Neutral","Agree","Neutral","Agree","Disagree","Strongly agree","Strongly disagree","Strongly Agree","Agree","Agree","Agree","Neutral","Strongly Agree","Strongly Agree","Neutral","Neutral","Disagree","Agree","Agree","Disagree","Agree","Agree","Agree","Agree"
"2026/08/20 2:39:36 PM GMT+1","Yes","Male","21–30","Postgraduate","Private Employee","£2001 - £2500","Urban","Monthly","1–3 years","12345678","Avoid the link and contact the bank through its official channel","An urgent request for personal or financial information","To increase internet speed","example-free-login.com","Disable security notifications","Provide the information if the message appears urgent","Conduct sensitive financial transactions normally","Continue using the account normally","They always reduce device security","Neutral","Neutral","Neutral","Neutral","Neutral","Neutral","Disagree","Neutral","Disagree","Agree","Neutral","Neutral","Neutral","Neutral","Neutral","Neutral","Agree","Strongly Agree","Disagree","Neutral","Neutral","Neutral","Agree","Agree"
"2026/08/20 2:44:19 PM GMT+1","Yes","Male","21–30","Undergraduate","Student","£1501 - £2000","Urban","Daily","1–3 years","T7#mQ9!vL2@p","Avoid the link and contact the bank through its official channel","An urgent request for personal or financial information","To provide an additional layer of identity verification","An unfamiliar shortened URL","Install the security update when appropriate","Do not provide the information and verify through an official channel","Avoid sensitive transactions on the unsecured network","Change the password and follow the provider's security procedures","They can help fix security vulnerabilities","Agree","Agree","Agree","Neutral","Agree","Agree","Neutral","Agree","Agree","Agree","Agree","Agree","Agree","Agree","Agree","Agree","Agree","Agree","Agree","Agree","Agree","Agree","Agree","Agree"
"2026/08/20 2:45:59 PM GMT+1","Yes","Female","31-40","Undergraduate","Homemaker","£1001 - £1500","Semi-Urban","Daily","More than 6 years","T7#mQ9!vL2@p","Avoid the link and contact the bank through its official channel","An urgent request for personal or financial information","To provide an additional layer of identity verification","https://example.com","Install the security update when appropriate","Do not provide the information and verify through an official channel","Avoid sensitive transactions on the unsecured network","Change the password and follow the provider's security procedures","They can help fix security vulnerabilities","Agree","Agree","Agree","Agree","Agree","Agree","Agree","Agree","Agree","Agree","Agree","Agree","Agree","Agree","Agree","Agree","Agree","Neutral","Agree","Agree","Agree","Agree","Agree","Agree"
"2026/08/20 2:46:58 PM GMT+1","Yes","Male","31-40","Higher Secondary","Self-employed","£1001 - £1500","Rural","Daily","More than 6 years","T7#mQ9!vL2@p","Avoid the link and contact the bank through its official channel","A message from a known organisation","To provide an additional layer of identity verification","An unfamiliar shortened URL","Install the security update when appropriate","Do not provide the information and verify through an official channel","Avoid sensitive transactions on the unsecured network","Change the password and follow the provider's security procedures","They can help fix security vulnerabilities","Agree","Agree","Agree","Neutral","Agree","Neutral","Neutral","Agree","Agree","Agree","Agree","Agree","Strongly Agree","Agree","Neutral","Neutral","Neutral","Neutral","Agree","Neutral","Agree","Agree","Neutral","Neutral"
"2026/08/20 2:47:39 PM GMT+1","Yes","Male","21–30","Postgraduate","Student","Below £1000","Urban","Occasionally","4–6 years","T7#mQ9!vL2@p","Avoid the link and contact the bank through its official channel","An urgent request for personal or financial information","To prevent all types of cyberattacks","An unfamiliar shortened URL","Install the security update when appropriate","Do not provide the information and verify through an official channel","Avoid sensitive transactions on the unsecured network","Change the password and follow the provider's security procedures","They can help fix security vulnerabilities","Neutral","Neutral","Neutral","Neutral","Neutral","Neutral","Neutral","Neutral","Neutral","Neutral","Neutral","Neutral","Neutral","Neutral","Neutral","Neutral","Neutral","Neutral","Neutral","Neutral","Neutral","Neutral","Neutral","Neutral"
"2026/08/20 2:48:15 PM GMT+1","Yes","Male","21–30","Undergraduate","Student","Below £1000","Urban","Daily","4–6 years","T7#mQ9!vL2@p","Avoid the link and contact the bank through its official channel","An urgent request for personal or financial information","To prevent all types of cyberattacks","example-free-login.com","Install the security update when appropriate","Do not provide the information and verify through an official channel","Avoid sensitive transactions on the unsecured network","Change the password and follow the provider's security procedures","They can help fix security vulnerabilities","Strongly agree","Strongly agree","Strongly agree","Strongly agree","Strongly agree","Strongly agree","Strongly disagree","Strongly Agree","Strongly Agree","Strongly Agree","Strongly Agree","Strongly Agree","Strongly Agree","Strongly Agree","Strongly Agree","Strongly Agree","Strongly Agree","Strongly Agree","Strongly Agree","Strongly Agree","Strongly Agree","Strongly Agree","Strongly Agree","Strongly Agree"
"2026/08/20 2:49:44 PM GMT+1","No","","","","","","","","","","","","","","","","","","","","","","","","","","","","","","","","","","","","","","","","","",""
"2026/08/20 2:56:33 PM GMT+1","Yes","Male","21–30","Postgraduate","Self-employed","Below £1000","Semi-Urban","Daily","4–6 years","T7#mQ9!vL2@p","Avoid the link and contact the bank through its official channel","An urgent request for personal or financial information","To provide an additional layer of identity verification","example-free-login.com","Install the security update when appropriate","Do not provide the information and verify through an official channel","Avoid sensitive transactions on the unsecured network","Change the password and follow the provider's security procedures","They can help fix security vulnerabilities","Strongly agree","Strongly agree","Strongly agree","Disagree","Neutral","Strongly disagree","Neutral","Strongly Agree","Agree","Agree","Agree","Agree","Agree","Agree","Agree","Agree","Agree","Agree","Agree","Agree","Neutral","Neutral","Agree","Agree"
"2026/08/20 3:03:50 PM GMT+1","No","","","","","","","","","","","","","","","","","","","","","","","","","","","","","","","","","","","","","","","","","",""
"2026/08/20 3:04:01 PM GMT+1","No","","","","","","","","","","","","","","","","","","","","","","","","","","","","","","","","","","","","","","","","","",""
"2026/08/20 3:04:55 PM GMT+1","Yes","Male","21–30","Diploma","Private Employee","Below £1000","Urban","Daily","More than 6 years","T7#mQ9!vL2@p","Click the link and verify the account","A routine service notification","To automatically change passwords","http://example.com","Install the security update when appropriate","Provide the information if the message appears urgent","Disable device security features","Continue using the account normally","They should always be disabled","Strongly agree","Strongly agree","Agree","Agree","Disagree","Neutral","Neutral","Agree","Disagree","Neutral","Agree","Strongly Agree","Neutral","Agree","Disagree","Agree","Agree","Neutral","Agree","Agree","Agree","Strongly Agree","Agree","Agree"
"2026/08/20 3:13:10 PM GMT+1","Yes","Male","21–30","Postgraduate","Private Employee","£2001 - £2500","Rural","Daily","More than 6 years","T7#mQ9!vL2@p","Avoid the link and contact the bank through its official channel","An urgent request for personal or financial information","To provide an additional layer of identity verification","An unfamiliar shortened URL","Install the security update when appropriate","Do not provide the information and verify through an official channel","Avoid sensitive transactions on the unsecured network","Change the password and follow the provider's security procedures","They can help fix security vulnerabilities","Neutral","Neutral","Neutral","Strongly agree","Strongly agree","Strongly disagree","Neutral","Neutral","Agree","Disagree","Neutral","Disagree","Agree","Neutral","Agree","Neutral","Neutral","Neutral","Neutral","Neutral","Neutral","Neutral","Agree","Disagree"
"2026/08/20 3:13:44 PM GMT+1","Yes","Male","21–30","Postgraduate","Student","£1001 - £1500","Semi-Urban","Weekly","4–6 years","T7#mQ9!vL2@p","Avoid the link and contact the bank through its official channel","An urgent request for personal or financial information","To provide an additional layer of identity verification","http://example.com","Install the security update when appropriate","Do not provide the information and verify through an official channel","Avoid sensitive transactions on the unsecured network","Change the password and follow the provider's security procedures","They can help fix security vulnerabilities","Agree","Agree","Agree","Agree","Neutral","Neutral","Strongly disagree","Agree","Neutral","Strongly Agree","Neutral","Agree","Strongly Agree","Agree","Agree","Agree","Strongly Agree","Agree","Agree","Agree","Neutral","Agree","Neutral","Agree"
"2026/08/20 3:46:42 PM GMT+1","Yes","Male","21–30","Postgraduate","Private Employee","£1501 - £2000","Semi-Urban","Daily","1–3 years","T7#mQ9!vL2@p","Avoid the link and contact the bank through its official channel","An urgent request for personal or financial information","To prevent all types of cyberattacks","https://example.com","Install the security update when appropriate","Do not provide the information and verify through an official channel","Avoid sensitive transactions on the unsecured network","Ignore the incident","They can help fix security vulnerabilities","Strongly agree","Agree","Agree","Agree","Neutral","Agree","Neutral","Agree","Agree","Agree","Agree","Agree","Neutral","Neutral","Agree","Neutral","Neutral","Agree","Neutral","Agree","Agree","Agree","Agree","Agree"
"2026/08/20 3:47:42 PM GMT+1","Yes","Male","21–30","Postgraduate","Others","Below £1000","Urban","Daily","4–6 years","T7#mQ9!vL2@p","Avoid the link and contact the bank through its official channel","An urgent request for personal or financial information","To provide an additional layer of identity verification","An unfamiliar shortened URL","Install the security update when appropriate","Do not provide the information and verify through an official channel","Conduct sensitive financial transactions normally","Ignore the incident","They always reduce device security","Agree","Agree","Agree","Neutral","Neutral","Neutral","Neutral","Neutral","Neutral","Neutral","Neutral","Neutral","Neutral","Neutral","Neutral","Neutral","Neutral","Neutral","Neutral","Neutral","Neutral","Neutral","Neutral","Neutral"
"2026/08/20 3:55:28 PM GMT+1","Yes","Male","Below 20","Undergraduate","Student","Below £1000","Rural","Daily","4–6 years","T7#mQ9!vL2@p","Avoid the link and contact the bank through its official channel","An urgent request for personal or financial information","To provide an additional layer of identity verification","https://example.com","Install the security update when appropriate","Do not provide the information and verify through an official channel","Avoid sensitive transactions on the unsecured network","Change the password and follow the provider's security procedures","They can help fix security vulnerabilities","Agree","Neutral","Disagree","Strongly Disagree","Disagree","Neutral","Neutral","Agree","Neutral","Agree","Neutral","Agree","Agree","Neutral","Neutral","Agree","Agree","Agree","Agree","Agree","Disagree","Neutral","Agree","Agree"
"2026/08/20 4:05:48 PM GMT+1","Yes","Female","21–30","Undergraduate","Others","Below £1000","Rural","Daily","4–6 years","T7#mQ9!vL2@p","Avoid the link and contact the bank through its official channel","An urgent request for personal or financial information","To provide an additional layer of identity verification","example-free-login.com","Ignore it permanently","Provide only the OTP","Conduct sensitive financial transactions normally","Change the password and follow the provider's security procedures","They always reduce device security","Neutral","Agree","Neutral","Agree","Agree","Agree","Strongly disagree","Agree","Disagree","Neutral","Neutral","Agree","Strongly Agree","Agree","Neutral","Strongly Agree","Agree","Strongly Agree","Neutral","Neutral","Disagree","Strongly Agree","Strongly Agree","Agree"
"2026/08/20 4:08:40 PM GMT+1","Yes","Female","21–30","Postgraduate","Student","Below £1000","Urban","Daily","4–6 years","T7#mQ9!vL2@p","Avoid the link and contact the bank through its official channel","An urgent request for personal or financial information","To prevent all types of cyberattacks","https://example.com","Install the security update when appropriate","Do not provide the information and verify through an official channel","Avoid sensitive transactions on the unsecured network","Change the password and follow the provider's security procedures","They should always be disabled","Agree","Agree","Agree","Agree","Agree","Agree","Agree","Agree","Agree","Agree","Agree","Agree","Agree","Agree","Agree","Agree","Agree","Agree","Agree","Agree","Agree","Agree","Agree","Agree"
"2026/08/20 4:22:08 PM GMT+1","Yes","Female","Below 20","Undergraduate","Student","Below £1000","Rural","Daily","4–6 years","T7#mQ9!vL2@p","Avoid the link and contact the bank through its official channel","An urgent request for personal or financial information","To provide an additional layer of identity verification","https://example.com","Install the security update when appropriate","Do not provide the information and verify through an official channel","Avoid sensitive transactions on the unsecured network","Change the password and follow the provider's security procedures","They can help fix security vulnerabilities","Agree","Agree","Disagree","Disagree","Disagree","Disagree","Disagree","Agree","Agree","Agree","Agree","Agree","Agree","Agree","Agree","Disagree","Agree","Disagree","Disagree","Disagree","Agree","Agree","Agree","Agree"
"2026/08/20 4:32:33 PM GMT+1","Yes","Female","21–30","Postgraduate","Student","Below £1000","Rural","Weekly","1–3 years","Name@123","Avoid the link and contact the bank through its official channel","A message containing your name","To provide an additional layer of identity verification","http://example.com","Install the security update when appropriate","Do not provide the information and verify through an official channel","Conduct sensitive financial transactions normally","Change the password and follow the provider's security procedures","They are generally unnecessary","Agree","Agree","Agree","Strongly agree","Neutral","Strongly agree","Disagree","Agree","Agree","Strongly Agree","Neutral","Agree","Agree","Agree","Agree","Agree","Agree","Disagree","Neutral","Neutral","Agree","Agree","Agree","Strongly Agree"
"2026/08/20 4:35:08 PM GMT+1","Yes","Female","21–30","Undergraduate","Student","Below £1000","Semi-Urban","Daily","1–3 years","T7#mQ9!vL2@p","Click the link and verify the account","An urgent request for personal or financial information","To provide an additional layer of identity verification","https://example.com","Install the security update when appropriate","Provide only the OTP","Conduct sensitive financial transactions normally","Continue using the account normally","They always reduce device security","Agree","Agree","Agree","Agree","Agree","Agree","Disagree","Agree","Agree","Agree","Agree","Agree","Agree","Agree","Agree","Agree","Strongly Agree","Agree","Agree","Neutral","Neutral","Agree","Neutral","Agree"
"2026/08/20 4:37:38 PM GMT+1","Yes","Male","21–30","Undergraduate","Student","Below £1000","Rural","Occasionally","1–3 years","T7#mQ9!vL2@p","Avoid the link and contact the bank through its official channel","An urgent request for personal or financial information","To provide an additional layer of identity verification","https://example.com","Install the security update when appropriate","Do not provide the information and verify through an official channel","Avoid sensitive transactions on the unsecured network","Change the password and follow the provider's security procedures","They can help fix security vulnerabilities","Strongly agree","Neutral","Disagree","Agree","Disagree","Neutral","Neutral","Agree","Agree","Neutral","Strongly Agree","Agree","Disagree","Neutral","Strongly Agree","Neutral","Agree","Disagree","Agree","Neutral","Neutral","Agree","Strongly Agree","Strongly Agree"
"2026/08/20 4:42:41 PM GMT+1","Yes","Male","21–30","Others","Self-employed","Below £1000","Rural","Daily","More than 6 years","T7#mQ9!vL2@p","Avoid the link and contact the bank through its official channel","An urgent request for personal or financial information","To provide an additional layer of identity verification","https://example.com","Install the security update when appropriate","Do not provide the information and verify through an official channel","Avoid sensitive transactions on the unsecured network","Change the password and follow the provider's security procedures","They can help fix security vulnerabilities","Agree","Agree","Agree","Agree","Neutral","Neutral","Neutral","Strongly Agree","Agree","Neutral","Agree","Agree","Neutral","Neutral","Agree","Agree","Agree","Disagree","Agree","Neutral","Neutral","Agree","Agree","Agree"
"2026/08/20 4:47:53 PM GMT+1","Yes","Female","21–30","Postgraduate","Private Employee","Below £1000","Semi-Urban","Daily","1–3 years","Name@123","Avoid the link and contact the bank through its official channel","A message containing your name","To provide an additional layer of identity verification","https://example.com","Ignore it permanently","Provide only the OTP","Conduct sensitive financial transactions normally","Change the password and follow the provider's security procedures","They can help fix security vulnerabilities","Agree","Neutral","Strongly agree","Neutral","Strongly agree","Strongly disagree","Disagree","Disagree","Neutral","Neutral","Neutral","Agree","Neutral","Disagree","Neutral","Disagree","Strongly Agree","Strongly Agree","Agree","Strongly Agree","Agree","Neutral","Agree","Agree"
"2026/08/20 4:59:57 PM GMT+1","Yes","Male","21–30","Undergraduate","Business","Below £1000","Rural","Occasionally","4–6 years","T7#mQ9!vL2@p","Avoid the link and contact the bank through its official channel","A routine service notification","To provide an additional layer of identity verification","https://example.com","Install the security update when appropriate","Do not provide the information and verify through an official channel","Avoid sensitive transactions on the unsecured network","Change the password and follow the provider's security procedures","They can help fix security vulnerabilities","Disagree","Disagree","Disagree","Neutral","Neutral","Neutral","Neutral","Agree","Agree","Agree","Disagree","Agree","Agree","Agree","Agree","Agree","Agree","Neutral","Neutral","Agree","Agree","Agree","Agree","Neutral"
"2026/08/20 5:04:52 PM GMT+1","Yes","Female","21–30","Undergraduate","Self-employed","Below £1000","Urban","Daily","Less than 1 year","12345678","Avoid the link and contact the bank through its official channel","A routine service notification","To increase internet speed","An unfamiliar shortened URL","Ignore it permanently","Provide only the OTP","Avoid sensitive transactions on the unsecured network","Ignore the incident","They always reduce device security","Disagree","Strongly Disagree","Strongly disagree","Strongly Disagree","Disagree","Strongly disagree","Disagree","Strongly Disagree","Strongly Disagree","Agree","Agree","Neutral","Agree","Agree","Strongly Disagree","Strongly Disagree","Strongly Agree","Neutral","Agree","Agree","Neutral","Strongly Agree","Strongly Agree","Agree"
"2026/08/20 5:09:29 PM GMT+1","Yes","Female","21–30","Higher Secondary","Student","Below £1000","Semi-Urban","Occasionally","1–3 years","T7#mQ9!vL2@p","Avoid the link and contact the bank through its official channel","A message from a known organisation","To provide an additional layer of identity verification","https://example.com","Install the security update when appropriate","Do not provide the information and verify through an official channel","Avoid sensitive transactions on the unsecured network","Change the password and follow the provider's security procedures","They can help fix security vulnerabilities","Agree","Agree","Agree","Agree","Agree","Agree","Agree","Agree","Agree","Agree","Neutral","Agree","Agree","Agree","Agree","Agree","Agree","Disagree","Agree","Agree","Agree","Agree","Agree","Agree"
"2026/08/20 5:19:03 PM GMT+1","Yes","Female","21–30","Postgraduate","Student","Below £1000","Semi-Urban","Weekly","1–3 years","Name@123","Avoid the link and contact the bank through its official channel","A message from a known organisation","To provide an additional layer of identity verification","https://example.com","Install the security update when appropriate","Do not provide the information and verify through an official channel","Avoid sensitive transactions on the unsecured network","Change the password and follow the provider's security procedures","They can help fix security vulnerabilities","Neutral","Agree","Agree","Agree","Neutral","Agree","Neutral","Agree","Agree","Agree","Agree","Agree","Neutral","Neutral","Agree","Agree","Agree","Agree","Neutral","Neutral","Neutral","Agree","Agree","Agree"
"2026/08/20 5:21:49 PM GMT+1","Yes","Female","21–30","Others","Government Employee","Above £2500","Rural","Daily","More than 6 years","Name@123","Click the link and verify the account","A routine service notification","To increase internet speed","example-free-login.com","Ignore it permanently","Provide only the OTP","Disable device security features","Ignore the incident","They always reduce device security","Agree","Neutral","Strongly agree","Strongly agree","Strongly agree","Strongly agree","Disagree","Strongly Agree","Agree","Agree","Strongly Agree","Strongly Agree","Agree","Agree","Strongly Agree","Agree","Agree","Strongly Agree","Strongly Agree","Neutral","Agree","Strongly Agree","Strongly Agree","Strongly Agree"
"2026/08/20 5:31:46 PM GMT+1","Yes","Male","Below 20","Higher Secondary","Student","Below £1000","Rural","Weekly","1–3 years","password123","Click the link and verify the account","A message from a known organisation","To automatically change passwords","An unfamiliar shortened URL","Ignore it permanently","Provide only the OTP","Avoid sensitive transactions on the unsecured network","Ignore the incident","They can help fix security vulnerabilities","Neutral","Neutral","Neutral","Disagree","Strongly agree","Strongly disagree","Strongly disagree","Strongly Agree","Disagree","Neutral","Strongly Agree","Strongly Disagree","Strongly Agree","Strongly Agree","Agree","Agree","Disagree","Strongly Agree","Agree","Agree","Agree","Agree","Strongly Agree","Strongly Agree"
"2026/08/20 5:39:52 PM GMT+1","No","","","","","","","","","","","","","","","","","","","","","","","","","","","","","","","","","","","","","","","","","",""
"2026/08/20 5:44:58 PM GMT+1","Yes","Male","21–30","Higher Secondary","Student","Below £1000","Urban","Daily","Less than 1 year","T7#mQ9!vL2@p","Avoid the link and contact the bank through its official channel","An urgent request for personal or financial information","To provide an additional layer of identity verification","http://example.com","Install the security update when appropriate","Do not provide the information and verify through an official channel","Avoid sensitive transactions on the unsecured network","Change the password and follow the provider's security procedures","They can help fix security vulnerabilities","Strongly agree","Strongly agree","Strongly agree","Strongly agree","Strongly agree","Strongly agree","Strongly disagree","Strongly Agree","Strongly Agree","Strongly Agree","Strongly Agree","Strongly Agree","Strongly Agree","Strongly Agree","Strongly Agree","Strongly Agree","Strongly Agree","Strongly Agree","Strongly Agree","Strongly Agree","Strongly Agree","Strongly Agree","Strongly Agree","Strongly Agree"
"2026/08/20 5:47:21 PM GMT+1","Yes","Male","Below 20","Undergraduate","Student","Below £1000","Urban","Daily","1–3 years","password123","Click the link and verify the account","A message containing your name","To increase internet speed","example-free-login.com","Ignore it permanently","Provide the information if the message appears urgent","Conduct sensitive financial transactions normally","Ignore the incident","They always reduce device security","Neutral","Neutral","Neutral","Agree","Disagree","Agree","Neutral","Agree","Agree","Agree","Neutral","Neutral","Neutral","Agree","Agree","Agree","Agree","Neutral","Disagree","Strongly disagree","Neutral","Agree","Agree","Disagree"
"2026/08/20 5:51:16 PM GMT+1","Yes","Male","21–30","Undergraduate","Others","Below £1000","Rural","Daily","1–3 years","T7#mQ9!vL2@p","Forward the email to friends","A message containing your name","To prevent all types of cyberattacks","http://example.com","Ignore it permanently","Forward the information to another person","Avoid sensitive transactions on the unsecured network","Change the password and follow the provider's security procedures","They can help fix security vulnerabilities","Disagree","Disagree","Neutral","Neutral","Disagree","Disagree","Disagree","Agree","Neutral","Agree","Neutral","Agree","Agree","Disagree","Agree","Agree","Neutral","Neutral","Disagree","Disagree","Neutral","Disagree","Disagree","Neutral"
"2026/08/20 5:53:03 PM GMT+1","Yes","Female","21–30","Postgraduate","Student","Below £1000","Urban","Daily","4–6 years","T7#mQ9!vL2@p","Avoid the link and contact the bank through its official channel","An urgent request for personal or financial information","To provide an additional layer of identity verification","http://example.com","Install the security update when appropriate","Do not provide the information and verify through an official channel","Avoid sensitive transactions on the unsecured network","Change the password and follow the provider's security procedures","They always reduce device security","Agree","Agree","Neutral","Agree","Neutral","Agree","Disagree","Agree","Agree","Agree","Agree","Agree","Agree","Agree","Neutral","Agree","Strongly Agree","Neutral","Agree","Neutral","Agree","Agree","Agree","Agree"
"2026/08/20 5:55:44 PM GMT+1","Yes","Male","21–30","Undergraduate","Student","Below £1000","Semi-Urban","Daily","1–3 years","T7#mQ9!vL2@p","Avoid the link and contact the bank through its official channel","An urgent request for personal or financial information","To provide an additional layer of identity verification","https://example.com","Install the security update when appropriate","Do not provide the information and verify through an official channel","Avoid sensitive transactions on the unsecured network","Change the password and follow the provider's security procedures","They can help fix security vulnerabilities","Neutral","Neutral","Neutral","Strongly agree","Disagree","Neutral","Neutral","Neutral","Agree","Neutral","Agree","Agree","Disagree","Disagree","Strongly Disagree","Strongly Disagree","Strongly Disagree","Strongly Disagree","Strongly Disagree","Strongly disagree","Strongly Disagree","Strongly Disagree","Strongly disagree","Strongly Disagree"
"2026/08/20 5:59:44 PM GMT+1","Yes","Male","21–30","Undergraduate","Student","Below £1000","Rural","Daily","Less than 1 year","Name@123","Avoid the link and contact the bank through its official channel","An urgent request for personal or financial information","To provide an additional layer of identity verification","https://example.com","Ignore it permanently","Do not provide the information and verify through an official channel","Avoid sensitive transactions on the unsecured network","Change the password and follow the provider's security procedures","They can help fix security vulnerabilities","Strongly agree","Agree","Agree","Agree","Strongly agree","Strongly agree","Strongly disagree","Agree","Agree","Agree","Agree","Agree","Neutral","Agree","Agree","Agree","Agree","Agree","Neutral","Neutral","Disagree","Neutral","Neutral","Neutral"
"2026/08/20 6:01:25 PM GMT+1","Yes","Female","21–30","Postgraduate","Student","Below £1000","Rural","Weekly","1–3 years","T7#mQ9!vL2@p","Avoid the link and contact the bank through its official channel","An urgent request for personal or financial information","To automatically change passwords","An unfamiliar shortened URL","Disable security notifications","Do not provide the information and verify through an official channel","Avoid sensitive transactions on the unsecured network","Change the password and follow the provider's security procedures","They can help fix security vulnerabilities","Neutral","Neutral","Agree","Agree","Disagree","Disagree","Strongly disagree","Agree","Agree","Agree","Neutral","Neutral","Neutral","Neutral","Disagree","Neutral","Neutral","Neutral","Neutral","Agree","Neutral","Neutral","Agree","Neutral"
"2026/08/20 6:08:30 PM GMT+1","Yes","Female","21–30","Postgraduate","Student","Below £1000","Semi-Urban","Weekly","More than 6 years","T7#mQ9!vL2@p","Avoid the link and contact the bank through its official channel","An urgent request for personal or financial information","To prevent all types of cyberattacks","https://example.com","Install the security update when appropriate","Forward the information to another person","Disable device security features","Change the password and follow the provider's security procedures","They can help fix security vulnerabilities","Neutral","Neutral","Disagree","Disagree","Disagree","Disagree","Disagree","Agree","Neutral","Agree","Agree","Neutral","Agree","Neutral","Disagree","Agree","Neutral","Neutral","Neutral","Agree","Neutral","Agree","Agree","Agree"
"2026/08/20 6:16:44 PM GMT+1","Yes","Male","Below 20","Undergraduate","Student","Below £1000","Rural","Daily","1–3 years","T7#mQ9!vL2@p","Avoid the link and contact the bank through its official channel","A routine service notification","To prevent all types of cyberattacks","https://example.com","Ignore it permanently","Provide the information if the message appears urgent","Share passwords over the network","Ignore the incident","They can help fix security vulnerabilities","Strongly disagree","Strongly Disagree","Disagree","Disagree","Disagree","Strongly disagree","Strongly Agree","Disagree","Disagree","Disagree","Disagree","Neutral","Neutral","Neutral","Neutral","Neutral","Neutral","Neutral","Neutral","Neutral","Neutral","Neutral","Neutral","Neutral"
"2026/08/20 6:17:26 PM GMT+1","Yes","Male","31-40","Diploma","Others","£1001 - £1500","Rural","Weekly","1–3 years","T7#mQ9!vL2@p","Avoid the link and contact the bank through its official channel","An urgent request for personal or financial information","To provide an additional layer of identity verification","https://example.com","Install the security update when appropriate","Do not provide the information and verify through an official channel","Avoid sensitive transactions on the unsecured network","Change the password and follow the provider's security procedures","They can help fix security vulnerabilities","Strongly agree","Agree","Agree","Agree","Strongly agree","Agree","Strongly disagree","Agree","Strongly Agree","Neutral","Strongly Agree","Agree","Agree","Strongly Agree","Strongly Agree","Strongly Agree","Strongly Agree","Agree","Strongly Agree","Agree","Agree","Neutral","Strongly Agree","Strongly Agree"
"2026/08/20 6:24:01 PM GMT+1","Yes","Female","21–30","Undergraduate","Student","Below £1000","Rural","Daily","1–3 years","T7#mQ9!vL2@p","Avoid the link and contact the bank through its official channel","An urgent request for personal or financial information","To provide an additional layer of identity verification","http://example.com","Install the security update when appropriate","Do not provide the information and verify through an official channel","Avoid sensitive transactions on the unsecured network","Change the password and follow the provider's security procedures","They can help fix security vulnerabilities","Agree","Neutral","Agree","Agree","Agree","Agree","Disagree","Strongly Agree","Agree","Agree","Agree","Strongly Agree","Neutral","Agree","Neutral","Agree","Agree","Agree","Agree","Neutral","Agree","Agree","Agree","Agree"
"2026/08/20 6:24:26 PM GMT+1","Yes","Male","21–30","Undergraduate","Private Employee","Below £1000","Urban","Daily","1–3 years","T7#mQ9!vL2@p","Avoid the link and contact the bank through its official channel","An urgent request for personal or financial information","To provide an additional layer of identity verification","example-free-login.com","Install the security update when appropriate","Do not provide the information and verify through an official channel","Avoid sensitive transactions on the unsecured network","Change the password and follow the provider's security procedures","They can help fix security vulnerabilities","Neutral","Neutral","Disagree","Agree","Disagree","Neutral","Neutral","Agree","Agree","Neutral","Neutral","Agree","Neutral","Agree","Disagree","Agree","Agree","Neutral","Agree","Strongly Agree","Neutral","Neutral","Agree","Agree"
"2026/08/20 6:31:42 PM GMT+1","No","","","","","","","","","","","","","","","","","","","","","","","","","","","","","","","","","","","","","","","","","",""
"2026/08/20 6:36:23 PM GMT+1","Yes","Male","21–30","Undergraduate","Student","Below £1000","Rural","Daily","1–3 years","Name@123","Avoid the link and contact the bank through its official channel","A message containing your name","To prevent all types of cyberattacks","https://example.com","Install the security update when appropriate","Do not provide the information and verify through an official channel","Avoid sensitive transactions on the unsecured network","Change the password and follow the provider's security procedures","They can help fix security vulnerabilities","Disagree","Neutral","Disagree","Neutral","Neutral","Strongly disagree","Strongly disagree","Neutral","Neutral","Disagree","Neutral","Disagree","Agree","Neutral","Neutral","Neutral","Neutral","Neutral","Neutral","Neutral","Neutral","Neutral","Agree","Neutral"
"2026/08/20 6:55:21 PM GMT+1","Yes","Male","Below 20","Undergraduate","Student","Below £1000","Urban","Weekly","1–3 years","Name@123","Avoid the link and contact the bank through its official channel","An urgent request for personal or financial information","To provide an additional layer of identity verification","https://example.com","Install the security update when appropriate","Do not provide the information and verify through an official channel","Avoid sensitive transactions on the unsecured network","Change the password and follow the provider's security procedures","They can help fix security vulnerabilities","Strongly agree","Strongly agree","Strongly agree","Strongly agree","Strongly agree","Strongly agree","Strongly disagree","Strongly Agree","Strongly Agree","Strongly Agree","Strongly Agree","Strongly Agree","Strongly Agree","Strongly Agree","Strongly Agree","Strongly Agree","Strongly Agree","Strongly Agree","Strongly Agree","Strongly Agree","Strongly Agree","Strongly Agree","Strongly Agree","Strongly Agree"
"2026/08/20 7:09:51 PM GMT+1","Yes","Male","21–30","Undergraduate","Student","Below £1000","Rural","Daily","4–6 years","T7#mQ9!vL2@p","Avoid the link and contact the bank through its official channel","An urgent request for personal or financial information","To provide an additional layer of identity verification","An unfamiliar shortened URL","Install the security update when appropriate","Do not provide the information and verify through an official channel","Avoid sensitive transactions on the unsecured network","Change the password and follow the provider's security procedures","They can help fix security vulnerabilities","Neutral","Agree","Agree","Agree","Neutral","Neutral","Neutral","Strongly Agree","Agree","Agree","Agree","Neutral","Neutral","Neutral","Disagree","Agree","Neutral","Neutral","Neutral","Neutral","Neutral","Neutral","Neutral","Neutral"
"2026/08/20 7:13:30 PM GMT+1","No","","","","","","","","","","","","","","","","","","","","","","","","","","","","","","","","","","","","","","","","","",""
"2026/08/20 7:31:00 PM GMT+1","No","","","","","","","","","","","","","","","","","","","","","","","","","","","","","","","","","","","","","","","","","",""
"2026/08/20 8:10:42 PM GMT+1","Yes","Male","21–30","Postgraduate","Private Employee","£1501 - £2000","Urban","Daily","More than 6 years","T7#mQ9!vL2@p","Avoid the link and contact the bank through its official channel","A routine service notification","To prevent all types of cyberattacks","An unfamiliar shortened URL","Ignore it permanently","Provide only the OTP","Disable device security features","Ignore the incident","They are generally unnecessary","Neutral","Neutral","Agree","Neutral","Agree","Agree","Agree","Agree","Neutral","Neutral","Neutral","Neutral","Neutral","Neutral","Neutral","Agree","Agree","Neutral","Neutral","Neutral","Neutral","Agree","Neutral","Neutral"
"2026/08/20 8:53:37 PM GMT+1","Yes","Prefer not to say","21–30","Doctorate","Student","£1001 - £1500","Semi-Urban","Weekly","1–3 years","password123","Click the link and verify the account","A routine service notification","To automatically change passwords","An unfamiliar shortened URL","Ignore it permanently","Provide only the OTP","Disable device security features","Ignore the incident","They always reduce device security","Neutral","Strongly agree","Neutral","Neutral","Agree","Neutral","Neutral","Disagree","Agree","Neutral","Neutral","Agree","Neutral","Neutral","Neutral","Neutral","Neutral","Neutral","Neutral","Neutral","Agree","Neutral","Disagree","Neutral"
"2026/08/20 8:57:47 PM GMT+1","Yes","Male","21–30","Undergraduate","Business","Below £1000","Semi-Urban","Daily","4–6 years","T7#mQ9!vL2@p","Avoid the link and contact the bank through its official channel","A message from a known organisation","To provide an additional layer of identity verification","http://example.com","Install the security update when appropriate","Do not provide the information and verify through an official channel","Avoid sensitive transactions on the unsecured network","Change the password and follow the provider's security procedures","They can help fix security vulnerabilities","Neutral","Neutral","Neutral","Agree","Neutral","Agree","Strongly disagree","Agree","Agree","Agree","Neutral","Agree","Agree","Agree","Disagree","Agree","Agree","Agree","Agree","Neutral","Neutral","Neutral","Agree","Agree"
"2026/08/20 9:28:33 PM GMT+1","Yes","Male","21–30","Undergraduate","Self-employed","Below £1000","Urban","Weekly","Less than 1 year","T7#mQ9!vL2@p","Avoid the link and contact the bank through its official channel","An urgent request for personal or financial information","To prevent all types of cyberattacks","An unfamiliar shortened URL","Install the security update when appropriate","Do not provide the information and verify through an official channel","Avoid sensitive transactions on the unsecured network","Change the password and follow the provider's security procedures","They are generally unnecessary","Neutral","Strongly Disagree","Strongly agree","Agree","Neutral","Disagree","Strongly Agree","Neutral","Neutral","Strongly Agree","Agree","Neutral","Disagree","Strongly Disagree","Agree","Disagree","Strongly Agree","Disagree","Strongly Agree","Neutral","Strongly Disagree","Disagree","Strongly Agree","Strongly Agree"